date,cl1,cl2,roll coef,day of month,roll last month,is end of month,date,month close,roll coef,perf month init,perf month corr,long only reinvested,long only not reinvested,pos strat 7,perf strat7,strat 7 reinvested,strat 7 not reinvested,pos strat 9,perf strat9,strat 9 reinvested,strat 9 not reinvested,unnamed: 22,unnamed: 23,trading cost,unnamed: 25,pos aver7 aver9,perf aver7 aver9,aver7 aver9 reinvested,aver7 aver9 not reinvested,0,0.1,trading cost .1,0.2
1/2/1985,25.92,25.81,-0.00424382716,1,0.0,0,1/31/2000,27.64,-0.03639514731,0.037831403263999995,0.07534070200000001,0.0,0.0,0.0,0.0,0.0,0.0,0.0,0.0,0.0,0.0,0,0.0,0.0,0.0,0,0.0,0,0.0,0,0.0,0.0,0.0
1/3/1985,25.84,25.79,-0.00193498452,2,0.0,0,2/29/2000,30.43,-0.03272727273,0.1009406657,0.137335813,0.0,0.0,0.0,0.0,0.0,0.0,0.0,0.0,0.0,0.0,0,0.0,0.0,0.0,0,0.0,0,0.0,0,0.0,0.0,0.0
1/4/1985,25.18,25.19,0.0003971405878,3,0.0,0,3/31/2000,26.9,-0.06216472073,-0.1160039435,-0.08327667075,0.0,0.0,0.0,0.0,0.0,0.0,0.0,0.0,0.0,0.0,0,0.0,0.0,0.0,0,0.0,0,0.0,0,0.0,0.0,0.0
1/7/1985,25.56,25.6,0.001564945227,4,0.0,0,4/28/2000,25.74,-0.04849432929,-0.04312267658,0.01904204415,0.0,0.0,0.0,0.0,0.0,0.0,0.0,0.0,0.0,0.0,0,0.0,0.0,0.0,0,0.0,0,0.0,0,0.0,0.0,0.0
1/8/1985,25.48,25.51,0.001177394035,5,0.0,0,5/31/2000,29.01,-0.007765023633,0.127039627,0.1755339563,0.0,0.0,0.0,0.0,0.0,0.0,0.0,0.0,0.0,0.0,0,0.0,0.0,0.0,0,0.0,0,0.0,0,0.0,0.0,0.0
1/9/1985,25.43,25.43,0.0,6,0.0,0,6/30/2000,32.5,-0.05114155251,0.1203033437,0.1280683673,0.0,0.0,0.0,0.0,0.0,0.0,0.0,0.0,0.0,0.0,0,0.0,0.0,0.0,0,0.0,0,0.0,0,0.0,0.0,0.0
1/10/1985,25.76,25.8,0.001552795031,7,0.0,0,7/31/2000,27.43,-0.04070131497,-0.156,-0.1048584475,0.0,0.0,0.0,0.0,0.0,0.0,0.0,0.0,0.0,0.0,0,0.0,0.0,0.0,0,0.0,0,0.0,0,0.0,0.0,0.0
1/11/1985,25.77,25.8,0.001164144354,8,0.0,0,8/31/2000,33.12,-0.02692548528,0.2074371127,0.2481384276,0.0,0.0,0.0,0.0,0.0,0.0,0.0,0.0,0.0,0.0,0,0.0,0.0,0.0,0,0.0,0,0.0,0,0.0,0.0,0.0
1/14/1985,26.12,26.34,0.008422664625,9,0.0,0,9/29/2000,30.84,-0.03340757238,-0.06884057971,-0.04191509443,1.0,1.0,-0.6,-0.018461795333199995,1.0,1.0,-0.6,-0.018461795333199995,1.0,1.0,0,0.0,0.0,0.0,0,0.0,0,0.0,0,0.0,0.0,0.0
1/15/1985,25.91,25.89,-0.0007719027403,10,-0.0007719027403,0,10/31/2000,32.7,-0.02457845099,0.06031128405,0.09371885643,1.093718856,1.093718856,1.0,0.09371885643,1.093718856,1.093718856,1.0,0.0,1.0,1.0,0,0.0,0.0,0.0,0,0.0,0,0.0,0,0.0,0.0,0.0
1/16/1985,25.62,25.57,-0.001951600312,11,-0.0007719027403,0,11/30/2000,33.82,-0.02609693146,0.03425076453,0.05882921551,1.158061479,1.152548072,1.0,0.05882921551,1.158061479,1.152548072,1.0,0.05882921551,1.058829216,1.058829216,0,0.0,0.0,0.0,0,0.0,0,0.0,0,0.0,0.0,0.0
1/17/1985,25.69,25.69,0.0,12,-0.0007719027403,0,12/29/2000,26.8,-0.02929617721,-0.2075694855,-0.1814725541,0.9479051044,0.9710755179,1.0,-0.1814725541,0.9479051044,0.9710755179,1.0,-0.1814725541,0.8666807735,0.8773566615,0,0.0,0.0,0.0,0,0.0,0,0.0,0,0.0,0.0,0.0
1/18/1985,25.68,25.75,0.002725856698,13,-0.0007719027403,0,1/31/2001,28.66,-0.05909541103,0.06940298507,0.09869916228,1.041462544,1.06977468,-1.0,-0.09869916228,0.8543476647,0.8723763556,-1.0,-0.09869916228,0.7811401072,0.7786574992,0,0.0,0.0,0.0,0,0.0,0,0.0,0,0.0,0.0,0.0
1/21/1985,25.97,25.76,-0.008086253369,14,-0.0007719027403,0,2/28/2001,27.39,-0.004039044093,-0.04431263084,0.01478278018,1.056858256,1.08455746,-1.0,-0.01478278018,0.841718031,0.8575935754,-1.0,-0.01478278018,0.7695926847,0.763874719,0,0.0,0.0,0.0,0,0.0,0,0.0,0,0.0,0.0,0.0
1/22/1985,25.55,25.34,-0.008219178082,15,-0.0007719027403,0,3/30/2001,26.29,0.00795153351,-0.04016064257,-0.03612159848,1.018682846,1.048435862,-1.0,0.03612159848,0.8721222317,0.8937151739,-1.0,0.03612159848,0.7973916026,0.7999963175,0,0.0,0.0,0.0,0,0.0,0,0.0,0,0.0,0.0,0.0
1/23/1985,25.38,25.18,-0.007880220646,16,-0.0007719027403,0,4/30/2001,28.46,0.01389371309,0.08254089007,0.07458935656,1.094665745,1.123025218,-1.0,-0.07458935656,0.8070711956,0.8191258173,-1.0,-0.07458935656,0.737914676,0.7254069609,0,0.0,0.0,0.7254069609,0,0.0,0,0.0,0,0.0,0.0,0.0
1/24/1985,25.28,25.13,-0.005933544304,17,-0.0007719027403,0,5/31/2001,28.37,0.01462904911,-0.003162333099,-0.01705604619,1.075995075,1.105969172,-1.0,0.01705604619,0.8208366392,0.8361818635,-1.0,0.01705604619,0.7505005828,0.7424630071,0,0.001186708861,0.0,0.7424630071,-1,0.01705604619,0,0.01705604619,1,0.001057455058,0.001057455058,0.01599859114
1/25/1985,25.25,25.08,-0.006732673267,18,-0.0007719027403,0,6/29/2001,26.25,0.005509641873,-0.07472682411,-0.08935587322,0.9798485955,1.016613299,-1.0,0.08935587322,0.8941832139,0.9255377368,-1.0,0.08935587322,0.8175622178,0.8318188803,0,0.001188118812,0.0,0.8318188803,-1,0.08935587322,0,0.1064119194,0,0.001142857143,0.001057455058,0.1053544644
1/28/1985,25.23,25.02,-0.008323424495,19,-0.0007719027403,0,7/31/2001,26.35,-0.005755947813,0.00380952381,-0.001700118064,0.9781827372,1.014913181,-1.0,0.001700118064,0.8957034309,0.9272378548,-1.0,0.001700118064,0.8189521701,0.8335189984,0,0.001189060642,0.0,0.8335189984,-1,0.001700118064,0,0.1081120375,0,0.001138519924,0.001057455058,0.1070545824
1/29/1985,25.38,25.19,-0.007486209614,20,-0.0007719027403,0,8/31/2001,27.2,-0.02641913602,0.03225806452,0.03801401233,1.015367388,1.052927193,-1.0,-0.03801401233,0.8616541497,0.8892238425,-1.0,-0.03801401233,0.7878205122,0.7955049861,0,0.001182033097,0.0,0.7955049861,-1,-0.03801401233,0,0.07009802515,0,0.001102941176,0.001057455058,0.06904057009
1/30/1985,25.67,25.37,-0.01168679392,21,-0.0007719027403,0,9/28/2001,23.43,0.00526513727,-0.1386029412,-0.1121838052,0.9014596106,0.9407433881,1.0,-0.1121838052,0.7649905084,0.7770400373,-1.0,0.1121838052,0.876201215,0.9076887912,0,0.001168679392,0.0,0.9076887912,-1,0.1121838052,0,0.1822818303,0,0.001280409731,0.001057455058,0.1812243752
1/31/1985,26.41,25.83,-0.02196137827,22,-0.0007719027403,1,10/31/2001,21.18,0.01422222222,-0.09603072983,-0.1012958671,0.8101454777,0.839447521,-1.0,0.1012958671,0.8424808853,0.8783359044,-1.0,0.1012958671,0.9649567769,1.008984658,0,0.001135933359,0.0,1.008984658,-1,0.1012958671,0,0.2835776974,0,0.001416430595,0.001057455058,0.2825202423
2/1/1985,26.74,26.26,-0.01795063575,1,-0.0007719027403,0,11/30/2001,19.44,0.01367781155,-0.0821529745,-0.09637519673,0.7320675479,0.7430723243,-1.0,0.09637519673,0.9236751464,0.9747111012,-1.0,0.09637519673,1.057954676,1.105359855,0,0.001121914734,0.0,1.105359855,-1,0.09637519673,0,0.3799528941,0,0.001543209877,0.001057455058,0.3788954391
2/4/1985,26.52,26.19,-0.01244343891,2,-0.0007719027403,0,12/31/2001,19.84,0.01352054082,0.02057613169,0.006898320137,0.7371175842,0.7499706444,-1.0,-0.006898320137,0.9173033395,0.967812781,-1.0,-0.006898320137,1.050656566,1.098461535,0,0.001131221719,0.0,1.098461535,-1,-0.006898320137,0,0.373054574,0,0.001512096774,0.001057455058,0.3719971189
2/5/1985,26.78,26.38,-0.01493651979,3,-0.0007719027403,0,1/31/2002,19.48,0.02857142857,-0.01814516129,-0.03166570211,0.7137762384,0.7183049423,-1.0,0.03166570211,0.9463503938,0.9994784831,-1.0,0.03166570211,1.083926344,1.130127237,0,0.001120238984,0.0,1.130127237,-1,0.03166570211,0,0.4047202761,0,0.001540041068,0.001057455058,0.4036628211
2/6/1985,27.07,26.68,-0.01440709272,4,-0.0007719027403,0,2/28/2002,21.74,0.01365991521,0.1160164271,0.08744499853,0.7761924005,0.8057499409,-1.0,-0.08744499853,0.863596785,0.9120334846,-1.0,-0.08744499853,0.9891424063,1.042682238,0,0.001108237902,0.0,1.042682238,-1,-0.08744499853,0,0.3172752776,0,0.001379944802,0.001057455058,0.3162178225
2/7/1985,27.21,26.71,-0.01837559721,5,-0.0007719027403,0,3/28/2002,26.31,0.01384364821,0.2102115915,0.1965516763,0.928754318,1.002301617,-1.0,-0.1965516763,0.6938553892,0.7154818083,-1.0,-0.1965516763,0.7947248082,0.8461305622,0,0.001102535832,0.0,0.8461305622,-1,-0.1965516763,0,0.1207236013,0,0.001140250855,0.001057455058,0.1196661462
2/8/1985,27.59,26.92,-0.02428416093,6,-0.0007719027403,0,4/30/2002,27.29,0.009373668513,0.0372481946,0.02340454639,0.9504913915,1.025706164,1.0,0.02340454639,0.7100947599,0.7388863547,1.0,0.02340454639,0.8133249819,0.8695351086,2,0.001087350489,0.002174700979,0.8673604076,-1,-0.02340454639,0,0.09731905486,0,0.001099303774,0.001057455058,0.0962615998
2/11/1985,28.04,27.42,-0.02211126961,7,-0.0007719027403,0,5/31/2002,25.31,-0.03269754768,-0.0725540491,-0.08192771762,0.8726198012,0.943778446,1.0,-0.08192771762,0.6519183169,0.6569586371,1.0,-0.08192771762,0.7466911224,0.7876073909,0,0.001069900143,0.002174700979,0.78543269,-1,0.08192771762,0,0.1792467725,0,0.001185302252,0.001057455058,0.1781893174
2/12/1985,27.36,26.56,-0.02923976608,8,-0.0007719027403,0,6/28/2002,26.86,0.007710100231,0.06124061636,0.09393816404,0.9545921032,1.03771661,1.0,0.09393816404,0.7131583267,0.7508968011,1.0,0.09393816404,0.8168339156,0.881545555,0,0.001096491228,0.002174700979,0.879370854,1,0.09393816404,0,0.2731849365,2,0.001116902457,0.003291259973,0.2698936765
2/13/1985,27.82,27.06,-0.02731847592,9,-0.0007719027403,0,7/31/2002,27.02,0.0003603603604,0.005956813105,-0.001753287126,0.9529184292,1.035963323,1.0,-0.001753287126,0.7119079554,0.749143514,1.0,-0.001753287126,0.8154017712,0.8797922679,0,0.001078360891,0.002174700979,0.8776175669,1,-0.001753287126,0,0.2714316494,0,0.001110288675,0.003291259973,0.2681403894
2/14/1985,27.8,27.04,-0.0273381295,10,-0.0273381295,0,8/30/2002,28.98,-0.02273534636,0.0725388601,0.07217849974,1.021698652,1.108141823,1.0,0.07217849974,0.7632924036,0.8213220137,1.0,0.07217849974,0.8742562477,0.9519707676,0,0.001079136691,0.002174700979,0.9497960666,1,0.07217849974,0,0.3436101491,0,0.001035196687,0.003291259973,0.3403188892
2/15/1985,27.8,27.38,-0.01510791367,11,-0.0273381295,0,9/30/2002,30.45,0.007751937984,0.05072463768,0.07345998404,1.096752618,1.181601807,1.0,0.07345998404,0.8193638514,0.8947819978,1.0,0.07345998404,0.9384790977,1.025430752,0,0.001079136691,0.002174700979,1.023256051,1,0.07345998404,0,0.4170701332,0,0.0009852216749,0.003291259973,0.4137788732
2/19/1985,27.29,26.7,-0.02161964089,12,-0.0273381295,0,10/31/2002,27.22,-0.001998001998,-0.1060755337,-0.1138274716,0.9719120408,1.067774335,1.0,-0.1138274716,0.7260977358,0.7809545261,1.0,-0.1138274716,0.8316543948,0.91160328,0,0.001099303774,0.002174700979,0.909428579,1,-0.1138274716,0,0.3032426615,0,0.001102130786,0.003291259973,0.2999514016
2/20/1985,27.18,26.68,-0.01839587932,13,-0.0273381295,0,11/27/2002,26.89,-0.03163305654,-0.01212343865,-0.01012543665,0.962071007,1.057648898,-1.0,0.01012543665,0.7334497924,0.7910799628,1.0,-0.01012543665,0.8232335309,0.9014778433,0,0.001103752759,0.002174700979,0.8993031424,1,-0.01012543665,0,0.2931172249,0,0.001115656378,0.003291259973,0.2898259649
2/21/1985,27.14,26.65,-0.01805453206,14,-0.0273381295,0,12/31/2002,31.2,0.0003516174402,0.1602826329,0.1919156895,1.146707528,1.249564588,-1.0,-0.1919156895,0.5926892698,0.5991642733,-1.0,-0.1919156895,0.6652421002,0.7095621539,2,0.001105379514,0.004385460006,0.7051766938,1,0.1919156895,0,0.4850329144,0,0.0009615384615,0.003291259973,0.4817416544
2/22/1985,26.76,26.3,-0.01718983558,15,-0.0273381295,0,1/31/2003,33.51,-0.02288467329,0.07403846154,0.0736868441,1.231204787,1.323251432,1.0,0.0736868441,0.6363626716,0.6728511174,1.0,0.0736868441,0.7142616912,0.783248998,2,0.001121076233,0.006627612472,0.7766213855,1,0.0736868441,0,0.5587197585,0,0.0008952551477,0.003291259973,0.5554284985
2/25/1985,26.44,26.05,-0.01475037821,16,-0.0273381295,0,2/28/2003,36.6,-0.03913043478,0.09221128021,0.1150959535,1.372911475,1.438347385,1.0,0.1150959535,0.7096054401,0.7879470709,1.0,0.1150959535,0.7964703216,0.8983449515,0,0.001134644478,0.006627612472,0.891717339,1,0.1150959535,0,0.673815712,0,0.0008196721311,0.003291259973,0.670524452
2/26/1985,26.79,26.39,-0.01493094438,17,-0.0273381295,0,3/31/2003,31.04,-0.05709440362,-0.1519125683,-0.1127821335,1.21807159,1.325565252,1.0,-0.1127821335,0.6295746246,0.6751649374,1.0,-0.1127821335,0.7066426994,0.7855628179,0,0.001119820829,0.006627612472,0.7789352055,1,-0.1127821335,0,0.5610335785,0,0.0009664948454,0.003291259973,0.5577423185
2/27/1985,26.69,26.24,-0.01686024728,18,-0.0273381295,0,4/30/2003,25.8,-0.05483758295,-0.168814433,-0.1117200294,1.081988596,1.213845223,1.0,-0.1117200294,0.5592385291,0.563444908,1.0,-0.1117200294,0.6276965563,0.6738427886,0,0.001124016486,0.006627612472,0.6672151761,1,-0.1117200294,0,0.4493135491,0,0.001162790698,0.003291259973,0.4460222891
2/28/1985,26.73,26.08,-0.02431724654,19,-0.0273381295,1,5/30/2003,29.56,-0.01336990058,0.1457364341,0.2005740171,1.299007395,1.41441924,-1.0,-0.2005740171,0.4470698108,0.3628708909,-1.0,-0.2005740171,0.5017969365,0.4732687715,2,0.001122334456,0.008872281384,0.4643964901,1,0.2005740171,0,0.6498875661,0,0.00101488498,0.003291259973,0.6465963062
3/1/1985,27.2,26.61,-0.02169117647,1,-0.0273381295,0,6/30/2003,30.19,-0.04306688418,0.02131258457,0.03468248516,1.3440602,1.449101725,-1.0,-0.03468248516,0.4315643187,0.3281884058,-1.0,-0.03468248516,0.4843933717,0.4385862863,0,0.001102941176,0.008872281384,0.429714005,1,0.03468248516,0,0.6845700513,0,0.0009937065253,0.003291259973,0.6812787913
3/4/1985,27.74,27.16,-0.02090843547,2,-0.0273381295,0,7/31/2003,30.54,-0.01612903226,0.0115932428,0.05466012697,1.417526701,1.503761852,-1.0,-0.05466012697,0.4079749582,0.2735282788,-1.0,-0.05466012697,0.4579163685,0.3839261594,0,0.0010814708,0.008872281384,0.375053878,1,0.05466012697,0,0.7392301783,0,0.0009823182711,0.003291259973,0.7359389183
3/5/1985,27.55,27.05,-0.01814882033,3,-0.0273381295,0,8/29/2003,31.57,-0.001929880991,0.03372626064,0.0498552929,1.48819791,1.553617145,-1.0,-0.0498552929,0.3876352472,0.2236729859,-1.0,-0.0498552929,0.4350868138,0.3340708665,0,0.00108892922,0.008872281384,0.3251985851,1,0.0498552929,0,0.7890854712,0,0.000950269243,0.003291259973,0.7857942112
3/6/1985,27.77,27.23,-0.01944544472,4,-0.0273381295,0,9/30/2003,29.2,0.003909026297,-0.07507127019,-0.0731413892,1.379349048,1.480475755,1.0,-0.0731413892,0.3592830667,0.1505315967,1.0,-0.0731413892,0.4032639598,0.2609294773,2,0.001080302485,0.01103288635,0.2498965909,-1,0.0731413892,0,0.8622268604,2,0.00102739726,0.005346054493,0.8568808059
3/7/1985,28.08,27.59,-0.01745014245,5,-0.0273381295,0,10/31/2003,29.11,0.003456945317,-0.003082191781,-0.006991218078,1.369705718,1.473484537,-1.0,0.006991218078,0.361794893,0.1575228148,-1.0,0.006991218078,0.4060832661,0.2679206953,2,0.001068376068,0.01316963849,0.2547510569,-1,0.006991218078,0,0.8692180785,0,0.001030573686,0.005346054493,0.863872024
3/8/1985,27.74,27.14,-0.02162941601,6,-0.0273381295,0,11/26/2003,30.41,-0.01822675317,0.04465819306,0.04120124774,1.426139302,1.514685785,-1.0,-0.04120124774,0.346888492,0.116321567,-1.0,-0.04120124774,0.3893521289,0.2267194476,0,0.0010814708,0.01316963849,0.2135498091,-1,-0.04120124774,0,0.8280168307,0,0.0009865175929,0.005346054493,0.8226707762
3/11/1985,27.57,26.97,-0.02176278564,7,-0.0273381295,0,12/31/2003,32.52,-0.002723970944,0.0693850707,0.08761182387,1.551085968,1.602297609,1.0,0.08761182387,0.3772800254,0.2039333909,1.0,0.08761182387,0.423463979,0.3143312715,2,0.001088139282,0.01534591705,0.2989853544,1,0.08761182387,0,0.9156286546,2,0.0009225092251,0.007191072943,0.9084375816
3/12/1985,27.92,27.3,-0.02220630372,8,-0.0273381295,0,1/30/2004,33.05,-0.03051040776,0.01629766298,0.01902163392,1.580590157,1.621319243,1.0,0.01902163392,0.384456508,0.2229550248,1.0,0.01902163392,0.4315189558,0.3333529054,0,0.001074498567,0.01534591705,0.3180069883,1,0.01902163392,0,0.9346502885,0,0.0009077155825,0.007191072943,0.9274592156
3/13/1985,28.06,27.46,-0.02138275125,9,-0.0273381295,0,2/27/2004,36.16,-0.01331018519,0.09409984871,0.1246102565,1.777547902,1.745929499,1.0,0.1246102565,0.432363732,0.3475652813,1.0,0.1246102565,0.4852906435,0.4579631619,0,0.001069137562,0.01534591705,0.4426172448,1,0.1246102565,0,1.059260545,0,0.0008296460177,0.007191072943,1.052069472
3/14/1985,28.19,27.53,-0.02341255764,10,-0.02341255764,0,3/31/2004,35.76,-0.01713180437,-0.0110619469,0.002248238283,1.781544253,1.748177738,1.0,0.002248238283,0.4333357887,0.3498135196,1.0,0.002248238283,0.4863816925,0.4602114001,0,0.001064207166,0.01534591705,0.4448654831,1,0.002248238283,0,1.061508783,0,0.0008389261745,0.007191072943,1.05431771
3/15/1985,28.32,27.64,-0.02401129944,11,-0.02341255764,0,4/30/2004,37.38,-0.01250998137,0.04530201342,0.06243381779,1.892772862,1.810611555,1.0,0.06243381779,0.4603905964,0.4122473374,1.0,0.06243381779,0.5167483585,0.5226452179,0,0.001059322034,0.01534591705,0.5072993009,1,0.06243381779,0,1.123942601,0,0.0008025682183,0.007191072943,1.116751528
3/18/1985,28.85,28.25,-0.02079722704,12,-0.02341255764,0,5/28/2004,39.88,-0.001933301112,0.06688068486,0.07939066623,2.043041361,1.890002222,1.0,0.07939066623,0.4969413126,0.4916380036,1.0,0.07939066623,0.557773355,0.6020358842,0,0.001039861352,0.01534591705,0.5866899671,1,0.07939066623,0,1.203333267,0,0.0007522567703,0.007191072943,1.196142194
3/19/1985,28.8,28.19,-0.02118055556,13,-0.02341255764,0,6/30/2004,37.05,0.006184458188,-0.07096288867,-0.06902958755,1.902011058,1.820972634,1.0,-0.06902958755,0.4626376587,0.422608416,1.0,-0.06902958755,0.5192704903,0.5330062966,0,0.001041666667,0.01534591705,0.5176603796,1,-0.06902958755,0,1.13430368,0,0.0008097165992,0.007191072943,1.127112607
3/20/1985,28.98,27.99,-0.03416149068,14,-0.02341255764,0,7/30/2004,43.8,0.003924454256,0.1821862348,0.1760017766,2.236768384,1.996974411,1.0,0.1760017766,0.5440627086,0.5986101927,1.0,0.1760017766,0.6106630192,0.7090080732,0,0.001035196687,0.01534591705,0.6936621562,1,0.1760017766,0,1.310305456,0,0.0006849315068,0.007191072943,1.303114383
3/21/1985,28.34,27.76,-0.02046577276,15,-0.02341255764,0,8/31/2004,42.12,-0.01180764277,-0.03835616438,-0.04228061864,2.142196433,1.954693792,1.0,-0.04228061864,0.5210594007,0.556329574,1.0,-0.04228061864,0.5848438089,0.6667274546,0,0.001058574453,0.01534591705,0.6513815375,1,-0.04228061864,0,1.268024838,0,0.0007122507123,0.007191072943,1.260833765
3/22/1985,28.24,27.63,-0.02160056657,16,-0.02341255764,0,9/30/2004,49.64,-0.001606241395,0.1785375119,0.1903451546,2.549953144,2.145038947,1.0,0.1903451546,0.6202405329,0.7466747287,1.0,0.1903451546,0.6961659942,0.8570726092,0,0.001062322946,0.01534591705,0.8417266922,1,0.1903451546,0,1.458369992,0,0.0006043513296,0.007191072943,1.451178919
3/25/1985,28.09,27.5,-0.02100391598,17,-0.02341255764,0,10/29/2004,51.76,-0.01278305332,0.04270749396,0.04431373535,2.662951093,2.189352682,1.0,0.04431373535,0.6477257077,0.790988464,1.0,0.04431373535,0.7270157098,0.9013863446,0,0.001067995728,0.01534591705,0.8860404275,1,0.04431373535,0,1.502683728,0,0.0005795981453,0.007191072943,1.495492655
3/26/1985,28.45,27.88,-0.02003514938,18,-0.02341255764,0,11/30/2004,49.13,0.00190194421,-0.0508114374,-0.03802838408,2.561683366,2.151324298,1.0,-0.03802838408,0.6230937457,0.7529600799,1.0,-0.03802838408,0.6993684772,0.8633579605,0,0.001054481547,0.01534591705,0.8480120434,1,-0.03802838408,0,1.464655344,0,0.0006106248728,0.007191072943,1.457464271
3/27/1985,28.16,27.73,-0.01526988636,19,-0.02341255764,0,12/30/2004,43.45,0.01506456241,-0.1156116426,-0.1175135868,2.260650765,2.033810711,1.0,-0.1175135868,0.5498717648,0.6354464931,1.0,-0.1175135868,0.6171831789,0.7458443737,0,0.001065340909,0.01534591705,0.7304984567,1,-0.1175135868,0,1.347141757,0,0.0006904487917,0.007191072943,1.339950684
3/28/1985,28.25,27.88,-0.01309734513,20,-0.02341255764,0,1/31/2005,48.2,0.003100454733,0.1093210587,0.09425649628,2.473731786,2.128067208,-1.0,-0.09425649628,0.4980427788,0.5411899969,-1.0,-0.09425649628,0.5590096549,0.6515878774,2,0.001061946903,0.01746981086,0.6341180666,1,0.09425649628,0,1.441398253,0,0.000622406639,0.007191072943,1.43420718
3/29/1985,28.29,27.81,-0.01696712619,21,-0.02341255764,1,2/28/2005,51.75,0.01222596965,0.07365145228,0.07055099755,2.648256031,2.198618205,1.0,0.07055099755,0.5331801937,0.6117409944,1.0,0.07055099755,0.5984483437,0.722138875,2,0.001060445387,0.01959070163,0.7025481734,1,0.07055099755,0,1.511949251,0,0.0005797101449,0.007191072943,1.504758178
4/1/1985,28.72,28.17,-0.01915041783,1,-0.02341255764,0,3/31/2005,55.4,0.0127388535,0.07053140097,0.05830543132,2.802663741,2.256923636,1.0,0.05830543132,0.5642674948,0.6700464257,1.0,0.05830543132,0.6333411325,0.7804443063,0,0.001044568245,0.01959070163,0.7608536047,1,0.05830543132,0,1.570254682,0,0.0005415162455,0.007191072943,1.563063609
4/2/1985,28.85,28.38,-0.01629116118,2,-0.02341255764,0,4/29/2005,49.72,0.03227068257,-0.1025270758,-0.1152659293,2.479612101,2.141657707,1.0,-0.1152659293,0.4992266777,0.5547804964,1.0,-0.1152659293,0.5603384783,0.665178377,0,0.001039861352,0.01959070163,0.6455876754,1,-0.1152659293,0,1.454988753,0,0.000603378922,0.007191072943,1.44779768
4/3/1985,28.82,28.32,-0.01734906315,3,-0.02341255764,0,5/31/2005,51.97,0.03307992603,0.04525341915,0.01298273657,2.511804251,2.154640444,-1.0,-0.01298273657,0.4927453492,0.5417977598,1.0,0.01298273657,0.5676132052,0.6781611136,0,0.001040943789,0.01959070163,0.6585704119,1,0.01298273657,0,1.467971489,0,0.0005772561093,0.007191072943,1.460780416
4/4/1985,28.9,28.38,-0.01799307958,4,-0.02341255764,0,6/30/2005,56.5,0.01763636364,0.0871656725,0.05408574647,2.647657059,2.20872619,1.0,0.05408574647,0.5193958493,0.5958835063,1.0,0.05408574647,0.5983129891,0.73224686,0,0.001038062284,0.01959070163,0.7126561584,-1,-0.05408574647,0,1.413885743,2,0.0005309734513,0.008253019846,1.405632723
4/8/1985,29.09,28.59,-0.01718803713,5,-0.02341255764,0,7/29/2005,60.57,0.01790325357,0.07203539823,0.05439903459,2.791687047,2.263125225,1.0,0.05439903459,0.547650482,0.6502825409,1.0,0.05439903459,0.6308606381,0.7866458946,0,0.001031282228,0.01959070163,0.767055193,1,0.05439903459,0,1.468284777,2,0.0004952947003,0.009243609247,1.459041168
4/9/1985,29.05,28.58,-0.01617900172,6,-0.02341255764,0,8/31/2005,68.94,0.00762787915,0.1381872214,0.1202839678,3.127482242,2.383409193,1.0,0.1202839678,0.613524055,0.7705665087,1.0,0.1202839678,0.7067430587,0.9069298625,0,0.001032702238,0.01959070163,0.8873391608,1,0.1202839678,0,1.588568745,0,0.0004351610096,0.009243609247,1.579325136
4/10/1985,29.24,28.73,-0.01744186047,7,-0.02341255764,0,9/30/2005,66.24,0.007722007722,-0.03916449086,-0.04679237001,2.981139936,2.336616823,1.0,-0.04679237001,0.5848158104,0.7237741387,1.0,-0.04679237001,0.673672876,0.8601374924,0,0.001025991792,0.01959070163,0.8405467908,1,-0.04679237001,0,1.541776375,0,0.0004528985507,0.009243609247,1.532532766
4/11/1985,28.94,28.28,-0.02280580511,8,-0.02341255764,0,10/31/2005,59.76,-0.01021874501,-0.09782608696,-0.1055480947,2.666486296,2.231068728,1.0,-0.1055480947,0.5230896159,0.618226044,1.0,-0.1055480947,0.6025679875,0.7545893978,0,0.001036627505,0.01959070163,0.7349986961,1,-0.1055480947,0,1.43622828,0,0.0005020080321,0.009243609247,1.426984671
4/12/1985,28.68,27.84,-0.02928870293,9,-0.02341255764,0,11/30/2005,57.32,0.01421390189,-0.04082998661,-0.0306112416,2.584861839,2.200457486,1.0,-0.0306112416,0.5070771933,0.5876148024,1.0,-0.0306112416,0.5841226333,0.7239781562,0,0.001046025105,0.01959070163,0.7043874545,1,-0.0306112416,0,1.405617039,0,0.0005233775297,0.009243609247,1.39637343
4/15/1985,29.14,28.3,-0.02882635553,10,-0.02882635553,0,12/30/2005,61.04,0.01676253081,0.06489881368,0.05068491179,2.715875334,2.251142398,-1.0,-0.05068491179,0.4813760305,0.5369298906,-1.0,-0.05068491179,0.5545164291,0.6732932444,2,0.001029512697,0.02164972703,0.6516435173,1,0.05068491179,0,1.456301951,0,0.0004914809961,0.009243609247,1.447058341
4/16/1985,29.04,29.23,0.006542699725,11,-0.02882635553,0,1/31/2006,67.92,0.009500829437,0.1127129751,0.09595044428,2.976464779,2.347092842,-1.0,-0.09595044428,0.4351877865,0.4409794464,1.0,0.09595044428,0.6077225269,0.7692436887,2,0.001033057851,0.02371584273,0.7455278459,1,0.09595044428,0,1.552252395,0,0.0004416961131,0.009243609247,1.543008786
4/17/1985,28.95,27.9,-0.03626943005,12,-0.02882635553,0,2/28/2006,61.41,0.02450898103,-0.09584805654,-0.105348886,2.66289753,2.241743956,1.0,-0.105348886,0.389341238,0.3356305604,1.0,-0.105348886,0.5436996357,0.6638948027,0,0.00103626943,0.02371584273,0.6401789599,1,-0.105348886,0,1.446903509,0,0.0004885197851,0.009243609247,1.4376599
4/18/1985,29.02,27.97,-0.03618194349,13,-0.02882635553,0,3/31/2006,66.63,0.03153724247,0.0850024426,0.06049346157,2.823985419,2.302237418,-1.0,-0.06049346157,0.3657886388,0.2751370988,-1.0,-0.06049346157,0.5108093627,0.6034013411,2,0.001033769814,0.02578338236,0.5776179588,1,0.06049346157,0,1.507396971,0,0.0004502476362,0.009243609247,1.498153361
4/19/1985,29.31,28.24,-0.03650631184,14,-0.02882635553,0,4/28/2006,71.88,0.02244318182,0.07879333633,0.04725609386,2.957435939,2.349493512,1.0,0.04725609386,0.383074381,0.3223931927,1.0,0.04725609386,0.5349482179,0.650657435,2,0.001023541453,0.02783046526,0.6228269697,-1,-0.04725609386,0,1.460140877,2,0.0004173622705,0.01007833379,1.450062543
4/22/1985,29.8,28.49,-0.04395973154,15,-0.02882635553,0,5/31/2006,71.29,0.01721265963,-0.008208124652,-0.03065130647,2.866786664,2.318842205,1.0,-0.03065130647,0.3713326507,0.2917418862,1.0,-0.03065130647,0.5185513561,0.6200061285,0,0.001006711409,0.02783046526,0.5921756632,-1,0.03065130647,0,1.490792183,0,0.0004208163838,0.01007833379,1.480713849
4/23/1985,28.32,27.61,-0.02507062147,16,-0.02882635553,0,6/30/2006,73.93,0.006942435638,0.03703184177,0.01981918214,2.923604031,2.338661387,1.0,0.01981918214,0.3786921602,0.3115610683,1.0,0.01981918214,0.5288286199,0.6398253106,0,0.001059322034,0.02783046526,0.6119948454,1,0.01981918214,0,1.510611365,2,0.0004057892601,0.01088991231,1.499721453
4/24/1985,27.93,27.38,-0.01969208736,17,-0.02882635553,0,7/31/2006,74.4,0.02338863204,0.006357365075,-0.0005850705628,2.921893517,2.338076317,1.0,-0.0005850705628,0.3784705985,0.3109759978,1.0,-0.0005850705628,0.5285192178,0.6392402401,0,0.001074113856,0.02783046526,0.6114097748,1,-0.0005850705628,0,1.510026295,0,0.0004032258065,0.01088991231,1.499136382
4/25/1985,27.87,27.27,-0.0215285253,18,-0.02882635553,0,8/31/2006,70.26,0.01931184551,-0.05564516129,-0.07903379333,2.690965188,2.259042524,1.0,-0.07903379333,0.3485586315,0.2319422045,1.0,-0.07903379333,0.4867483392,0.5602064468,0,0.001076426265,0.02783046526,0.5323759815,1,-0.07903379333,0,1.430992501,0,0.0004269854825,0.01088991231,1.420102589
4/26/1985,27.94,27.46,-0.01717967072,19,-0.02882635553,0,9/29/2006,62.91,0.01089531028,-0.1046114432,-0.1239232887,2.357491932,2.135119235,1.0,-0.1239232887,0.3053640996,0.1080189157,1.0,-0.1239232887,0.4264288842,0.436283158,0,0.00107372942,0.02783046526,0.4084526928,1,-0.1239232887,0,1.307069213,0,0.0004768717215,0.01088991231,1.2961793
4/29/1985,27.66,27.12,-0.01952277657,20,-0.02882635553,0,10/31/2006,58.73,0.02953730579,-0.06644412653,-0.07733943681,2.175164834,2.057779798,-1.0,0.07733943681,0.328980787,0.1853583526,-1.0,0.07733943681,0.459408654,0.5136225948,2,0.001084598698,0.02999966266,0.4836229322,1,-0.07733943681,0,1.229729776,0,0.0005108121914,0.01088991231,1.218839864
4/30/1985,27.63,27.11,-0.01882012305,21,-0.02882635553,1,11/30/2006,63.13,0.03260123542,0.0749191214,0.04538181562,2.273877763,2.103161614,-1.0,-0.04538181562,0.3140510416,0.1399765369,-1.0,-0.04538181562,0.4385598551,0.4682407792,0,0.00108577633,0.02999966266,0.4382411166,1,0.04538181562,0,1.275111591,0,0.0004752098844,0.01088991231,1.264221679
5/1/1985,27.33,26.7,-0.02305159166,1,-0.02882635553,0,12/29/2006,61.05,0.01311790114,-0.03294788532,-0.06554912073,2.124827075,2.037612493,-1.0,0.06554912073,0.3346368113,0.2055256577,-1.0,0.06554912073,0.467307068,0.5337899,0,0.001097694841,0.02999966266,0.5037902373,-1,0.06554912073,0,1.340660712,2,0.0004914004914,0.01187271329,1.328787999
5/2/1985,27.36,26.72,-0.02339181287,2,-0.02882635553,0,1/31/2007,58.14,0.01703675345,-0.04766584767,-0.0607837488,1.99567212,1.976828744,-1.0,0.0607837488,0.3549772911,0.2663094065,-1.0,0.0607837488,0.4957117435,0.5945736488,0,0.001096491228,0.02999966266,0.5645739861,-1,0.0607837488,0,1.401444461,0,0.000515995872,0.01187271329,1.389571748
5/3/1985,27.29,26.66,-0.02308537926,3,-0.02882635553,0,2/28/2007,61.79,0.009827586207,0.06277949776,0.04574274432,2.08695964,2.022571488,-1.0,-0.04574274432,0.3387396557,0.2205666622,-1.0,-0.04574274432,0.4730365279,0.5488309044,0,0.001099303774,0.02999966266,0.5188312418,-1,-0.04574274432,0,1.355701717,0,0.0004855154556,0.01187271329,1.343829003
5/6/1985,27.19,26.62,-0.02096358955,4,-0.02882635553,0,3/30/2007,65.87,0.03971801926,0.06603010196,0.05620251575,2.204252022,2.078774004,-1.0,-0.05620251575,0.3197016348,0.1643641464,-1.0,-0.05620251575,0.446450685,0.4926283887,0,0.001103346819,0.02999966266,0.462628726,-1,-0.05620251575,0,1.299499201,0,0.0004554425383,0.01187271329,1.287626488
5/7/1985,27.31,26.64,-0.02453313804,5,-0.02882635553,0,4/30/2007,65.71,0.03238484515,-0.002429026871,-0.04214704613,2.11134931,2.036626958,1.0,-0.04214704613,0.3062271553,0.1222171003,1.0,-0.04214704613,0.4276341074,0.4504813426,2,0.001098498718,0.0321966601,0.4182846825,-1,0.04214704613,0,1.341646247,0,0.0004565515142,0.01187271329,1.329773534
5/8/1985,27.17,26.64,-0.01950680898,6,-0.02882635553,0,5/31/2007,64.01,0.02289465258,-0.02587125247,-0.05825609762,1.988350339,1.97837086,1.0,-0.05825609762,0.2883875562,0.06396100265,1.0,-0.05825609762,0.4027218131,0.3922252449,0,0.001104158999,0.0321966601,0.3600285848,-1,0.05825609762,0,1.399902345,0,0.0004686767693,0.01187271329,1.388029631
5/9/1985,27.58,27.02,-0.02030456853,7,-0.02882635553,0,6/29/2007,70.68,0.007243163341,0.1042024684,0.08130781579,2.150018762,2.059678676,1.0,0.08130781579,0.3118357185,0.1452688184,1.0,0.08130781579,0.4354662441,0.4735330607,0,0.001087744743,0.0321966601,0.4413364006,1,0.08130781579,0,1.48121016,2,0.0004244482173,0.01272160973,1.468488551
5/10/1985,27.38,26.78,-0.0219138057,8,-0.02882635553,0,7/31/2007,78.21,0.001078894134,0.1065365025,0.09929333921,2.363501304,2.158972015,1.0,0.09929333921,0.3427989283,0.2445621576,1.0,0.09929333921,0.4787051416,0.5728263999,0,0.001095690285,0.0321966601,0.5406297398,1,0.09929333921,0,1.5805035,0,0.0003835826621,0.01272160973,1.56778189
5/13/1985,27.59,27.03,-0.02029720913,9,-0.02882635553,0,8/31/2007,74.04,-0.004973749655,-0.05331799003,-0.05439688416,2.234934197,2.104575131,1.0,-0.05439688416,0.3241517347,0.1901652735,1.0,-0.05439688416,0.4526650734,0.5184295158,0,0.001087350489,0.0321966601,0.4862328557,1,-0.05439688416,0,1.526106616,0,0.0004051863857,0.01272160973,1.513385006
5/14/1985,27.66,27.03,-0.02277657267,10,-0.02277657267,0,9/28/2007,81.66,-0.01476976542,0.102917342,0.1078910916,2.476063687,2.212466223,1.0,0.1078910916,0.3591248192,0.2980563651,1.0,0.1078910916,0.5015036024,0.6263206074,0,0.001084598698,0.0321966601,0.5941239473,1,0.1078910916,0,1.633997707,0,0.0003673769287,0.01272160973,1.621276097
5/15/1985,27.79,27.05,-0.02662828356,11,-0.02277657267,0,10/31/2007,94.53,-0.01135141594,0.1576047024,0.1723744678,2.902873848,2.384840691,1.0,0.1723744678,0.4210287688,0.470430833,1.0,0.1723744678,0.5879500189,0.7986950753,0,0.001079525009,0.0321966601,0.7664984152,1,0.1723744678,0,1.806372175,0,0.0003173595684,0.01272160973,1.793650565
5/16/1985,27.93,27.1,-0.02971715002,12,-0.02277657267,0,11/30/2007,88.71,-0.01339143373,-0.06156775627,-0.05021634033,2.757102147,2.33462435,1.0,-0.05021634033,0.3998862449,0.4202144926,1.0,-0.05021634033,0.5584253207,0.7484787349,0,0.001074113856,0.0321966601,0.7162820748,1,-0.05021634033,0,1.756155835,0,0.0003381805884,0.01272160973,1.743434225
5/17/1985,27.8,26.92,-0.03165467626,13,-0.02277657267,0,12/31/2007,95.98,0.003067820752,0.08195242926,0.095343863,3.019974916,2.429968213,1.0,0.095343863,0.4380129442,0.5155583556,1.0,0.095343863,0.611667748,0.8438225979,0,0.001079136691,0.0321966601,0.8116259378,1,0.095343863,0,1.851499698,0,0.0003125651177,0.01272160973,1.838778088
5/20/1985,27.9,26.99,-0.03261648746,14,-0.02277657267,0,1/31/2008,91.75,-0.001849836779,-0.0440716816,-0.04713950235,2.877614801,2.382828711,1.0,-0.04713950235,0.417365232,0.4684188533,1.0,-0.04713950235,0.5828340347,0.7966830956,0,0.001075268817,0.0321966601,0.7644864355,1,-0.04713950235,0,1.804360195,0,0.0003269754768,0.01272160973,1.791638586
5/21/1985,28.0,27.14,-0.03071428571,15,-0.02277657267,0,2/29/2008,101.84,0.0009428032684,0.109972752,0.1118225888,3.199397138,2.4946513,1.0,0.1118225888,0.4640360928,0.5802414421,1.0,0.1118225888,0.6480080453,0.9085056844,0,0.001071428571,0.0321966601,0.8763090243,1,0.1118225888,0,1.916182784,0,0.0002945797329,0.01272160973,1.903461174
5/22/1985,27.1,26.72,-0.01402214022,16,-0.02277657267,0,3/31/2008,101.58,-0.01333817258,-0.002553024352,-0.00349582762,3.188212597,2.491155472,1.0,-0.00349582762,0.4624139026,0.5767456145,1.0,-0.00349582762,0.6457427209,0.9050098568,0,0.00110701107,0.0321966601,0.8728131967,1,-0.00349582762,0,1.912686957,0,0.0002953337271,0.01272160973,1.899965347
5/23/1985,27.6,27.14,-0.01666666667,17,-0.02277657267,0,4/30/2008,113.46,-0.005279169649,0.1169521559,0.1302903285,3.603605864,2.621445801,1.0,0.1302903285,0.5226619618,0.707035943,1.0,0.1302903285,0.7298767521,1.035300185,0,0.001086956522,0.0321966601,1.003103525,1,0.1302903285,0,2.042977285,0,0.0002644103649,0.01272160973,2.030255675
5/24/1985,27.7,27.33,-0.01335740072,18,-0.02277657267,0,5/30/2008,127.35,-0.0008855256802,0.1224219989,0.1277011686,4.063790544,2.749146969,1.0,0.1277011686,0.5894065051,0.8347371116,1.0,0.1277011686,0.8230828663,1.163001354,0,0.001083032491,0.0321966601,1.130804694,1,0.1277011686,0,2.170678454,0,0.0002355712603,0.01272160973,2.157956844
5/28/1985,27.57,27.19,-0.01378309757,19,-0.02277657267,0,6/30/2008,140.0,0.004523209254,0.0993325481,0.1002180738,4.471055805,2.849365043,1.0,0.1002180738,0.6484756898,0.9349551854,1.0,0.1002180738,0.9055706457,1.263219428,0,0.001088139282,0.0321966601,1.231022768,1,0.1002180738,0,2.270896527,0,0.0002142857143,0.01272160973,2.258174918
5/29/1985,27.64,27.22,-0.01519536903,20,-0.02277657267,0,7/31/2008,124.08,0.00454086781,-0.1137142857,-0.118237495,3.942409366,2.731127548,1.0,-0.118237495,0.5718015487,0.8167176904,1.0,-0.118237495,0.7984982411,1.144981933,0,0.001085383502,0.0321966601,1.112785273,1,-0.118237495,0,2.152659032,0,0.0002417794971,0.01272160973,2.139937423
5/30/1985,27.92,27.41,-0.01826647564,21,-0.02277657267,0,8/29/2008,115.46,0.0001738979219,-0.06947130883,-0.07401217664,3.650623068,2.657115372,1.0,-0.07401217664,0.5294812714,0.7427055138,1.0,-0.07401217664,0.7393996482,1.070969756,0,0.001074498567,0.0321966601,1.038773096,1,-0.07401217664,0,2.078646856,0,0.0002598302442,0.01272160973,2.065925246
5/31/1985,27.84,27.43,-0.01472701149,22,-0.02277657267,1,9/30/2008,100.64,-0.0002089645805,-0.1283561407,-0.1285300386,3.181408344,2.528585333,-1.0,0.1285300386,0.5975355197,0.8712355523,1.0,-0.1285300386,0.6443645829,0.9424397175,0,0.001077586207,0.0321966601,0.9102430574,1,-0.1285300386,0,1.950116817,0,0.0002980922099,0.01272160973,1.937395208
6/3/1985,27.48,26.93,-0.02001455604,1,-0.02277657267,0,10/31/2008,67.81,0.004069693501,-0.3262122417,-0.3260032771,2.144258798,2.202582056,-1.0,0.3260032771,0.7923340573,1.197238829,-1.0,0.3260032771,0.8544295485,1.268442995,2,0.001091703057,0.03438006621,1.234062928,1,-0.3260032771,0,1.62411354,0,0.0004424126235,0.01272160973,1.61139193
6/4/1985,27.47,26.84,-0.02293410994,2,-0.02277657267,0,11/28/2008,54.43,0.009817671809,-0.1973160301,-0.2013857236,1.712435689,2.001196332,-1.0,0.2013857236,0.9518988247,1.398624553,-1.0,0.2013857236,1.026499461,1.469828718,0,0.001092100473,0.03438006621,1.435448652,1,-0.2013857236,0,1.422727817,0,0.000551166636,0.01272160973,1.410006207
6/5/1985,27.02,26.13,-0.03293856403,3,-0.02277657267,0,12/31/2008,44.6,0.06136560069,-0.1805989344,-0.1904166062,1.386359496,1.810779726,-1.0,0.1904166062,1.133156168,1.589041159,-1.0,0.1904166062,1.221962005,1.660245324,0,0.001110288675,0.03438006621,1.625865258,-1,0.1904166062,0,1.613144423,2,0.0006726457399,0.0140669012,1.599077522
6/6/1985,27.08,26.3,-0.02880354505,4,-0.02277657267,0,1/30/2009,41.68,0.2299435028,-0.06547085202,-0.1268364527,1.210518576,1.683943273,-1.0,0.1268364527,1.276881677,1.715877612,-1.0,0.1268364527,1.376951331,1.787081777,0,0.001107828656,0.03438006621,1.752701711,-1,0.1268364527,0,1.739980875,0,0.0007197696737,0.0140669012,1.725913974
6/7/1985,26.92,26.15,-0.02860326895,5,-0.02277657267,0,2/27/2009,44.76,0.1189016262,0.07389635317,-0.1560471497,1.021620602,1.527896124,-1.0,0.1560471497,1.476135423,1.871924762,-1.0,0.1560471497,1.591820662,1.943128927,0,0.001114413076,0.03438006621,1.908748861,-1,0.1560471497,0,1.896028025,0,0.0006702412869,0.0140669012,1.881961124
6/10/1985,26.81,25.96,-0.03170458784,6,-0.02277657267,0,3/31/2009,49.66,0.01686486486,0.1094727435,-0.009428882712,1.011987862,1.518467241,-1.0,0.009428882712,1.490053731,1.881353644,-1.0,0.009428882712,1.606829752,1.952557809,0,0.001118985453,0.03438006621,1.918177743,-1,0.009428882712,0,1.905456908,0,0.000604107934,0.0140669012,1.891390007
6/11/1985,26.95,26.09,-0.0319109462,7,-0.02277657267,0,4/30/2009,51.12,0.05116751269,0.02939991945,0.01253505459,1.024673185,1.531002296,-1.0,-0.01253505459,1.471375826,1.86881859,-1.0,-0.01253505459,1.586688053,1.940022755,0,0.001113172542,0.03438006621,1.905642689,-1,-0.01253505459,0,1.892921853,0,0.0005868544601,0.0140669012,1.878854952
6/12/1985,27.01,26.17,-0.03109959274,8,-0.02277657267,0,5/29/2009,66.31,0.01364721938,0.297143975,0.2459764623,1.27671867,1.776978758,1.0,0.2459764623,1.833299647,2.114795052,-1.0,-0.2459764623,1.196400139,1.694046293,0,0.001110699741,0.03438006621,1.659666226,-1,-0.2459764623,0,1.646945391,0,0.0004524204494,0.0140669012,1.63287849
6/13/1985,27.41,26.51,-0.03283473185,9,-0.02277657267,0,6/30/2009,69.89,0.009855635758,0.0539888403,0.04034162092,1.32822357,1.817320379,1.0,0.04034162092,1.907257926,2.155136673,1.0,0.04034162092,1.24466486,1.734387913,2,0.001094491062,0.03656904834,1.697818865,-1,-0.04034162092,0,1.60660377,0,0.0004292459579,0.0140669012,1.592536869
6/14/1985,27.29,26.29,-0.03664345914,10,-0.03664345914,0,7/31/2009,69.45,0.01689957751,-0.006295607383,-0.01615124314,1.306771108,1.801169136,1.0,-0.01615124314,1.876453339,2.13898543,1.0,-0.01615124314,1.224561975,1.71823667,0,0.001099303774,0.03656904834,1.681667622,-1,0.01615124314,0,1.622755013,0,0.0004319654428,0.0140669012,1.608688112
6/17/1985,27.23,26.22,-0.03709144326,11,-0.03664345914,0,8/31/2009,69.96,0.03095837654,0.007343412527,-0.009556164984,1.294283388,1.791612971,1.0,-0.009556164984,1.858521642,2.129429265,1.0,-0.009556164984,1.212859859,1.708680505,0,0.001101726037,0.03656904834,1.672111457,1,-0.009556164984,0,1.613198848,2,0.0004288164666,0.01492453414,1.598274314
6/18/1985,27.22,26.29,-0.03416605437,12,-0.03664345914,0,9/30/2009,70.61,0.005216410546,0.009291023442,-0.02166735309,1.266239693,1.769945618,1.0,-0.02166735309,1.818252397,2.107761912,1.0,-0.02166735309,1.186580396,1.687013152,0,0.001102130786,0.03656904834,1.650444104,1,-0.02166735309,0,1.591531495,0,0.0004248689987,0.01492453414,1.576606961
6/19/1985,27.3,26.58,-0.02637362637,13,-0.03664345914,0,10/30/2009,77.0,0.005586592179,0.09049709673,0.08528068618,1.374225483,1.855226304,1.0,0.08528068618,1.973314209,2.193042598,1.0,0.08528068618,1.287772787,1.772293838,0,0.001098901099,0.03656904834,1.73572479,1,0.08528068618,0,1.676812181,0,0.0003896103896,0.01492453414,1.661887647
6/20/1985,27.2,26.58,-0.02279411765,14,-0.03664345914,0,11/30/2009,77.28,0.008906352325,0.003636363636,-0.001950228542,1.371545429,1.853276075,1.0,-0.001950228542,1.969465796,2.191092369,1.0,-0.001950228542,1.285261335,1.77034361,0,0.001102941176,0.03656904834,1.733774562,1,-0.001950228542,0,1.674861953,0,0.0003881987578,0.01492453414,1.659937419
6/21/1985,26.92,26.26,-0.02451708767,15,-0.03664345914,0,12/31/2009,79.36,0.03380808517,0.02691511387,0.01800876155,1.396245264,1.871284837,1.0,0.01800876155,2.004933435,2.209101131,1.0,0.01800876155,1.3084073,1.788352371,0,0.001114413076,0.03656904834,1.751783323,1,0.01800876155,0,1.692870714,0,0.0003780241935,0.01492453414,1.67794618
6/24/1985,26.89,26.29,-0.02231312756,16,-0.03664345914,0,1/29/2010,72.89,0.004743589744,-0.08152721774,-0.1153353029,1.235208893,1.755949534,1.0,-0.1153353029,1.77369383,2.093765828,1.0,-0.1153353029,1.157501748,1.673017069,0,0.001115656378,0.03656904834,1.63644802,1,-0.1153353029,0,1.577535411,0,0.0004115790918,0.01492453414,1.562610877
6/25/1985,26.75,26.13,-0.02317757009,17,-0.03664345914,0,2/26/2010,79.66,0.00499123162,0.09287968171,0.08813609197,1.344075378,1.844085626,-1.0,-0.08813609197,1.617367388,2.005629736,1.0,0.08813609197,1.259519429,1.761153161,0,0.001121495327,0.03656904834,1.724584112,1,0.08813609197,0,1.665671503,0,0.0003766005523,0.01492453414,1.650746969
6/26/1985,26.94,26.39,-0.02041573868,18,-0.03664345914,0,3/31/2010,83.76,0.003692762186,0.05146874215,0.04647751053,1.406544655,1.890563136,1.0,0.04647751053,1.692538598,2.052107247,1.0,0.04647751053,1.318058756,1.807630671,0,0.001113585746,0.03656904834,1.771061623,1,0.04647751053,0,1.712149014,0,0.0003581661891,0.01492453414,1.69722448
6/27/1985,27.09,26.59,-0.0184569952,19,-0.03664345914,0,4/30/2010,86.15,0.01450122793,0.0285339064,0.02484114421,1.441484834,1.915404281,1.0,0.02484114421,1.734583193,2.076948391,1.0,0.02484114421,1.350800844,1.832471815,0,0.001107419712,0.03656904834,1.795902767,1,0.02484114421,0,1.736990158,0,0.0003482298317,0.01492453414,1.722065624
6/28/1985,26.87,26.36,-0.0189802754,20,-0.03664345914,1,5/28/2010,73.97,0.05334450496,-0.1413813117,-0.1558825396,1.216782517,1.759521741,1.0,-0.1558825396,1.46419196,1.921065851,1.0,-0.1558825396,1.140234578,1.676589276,0,0.001116486788,0.03656904834,1.640020227,1,-0.1558825396,0,1.581107619,0,0.0004055698256,0.01492453414,1.566183084
7/1/1985,26.68,26.08,-0.02248875562,1,-0.03664345914,0,6/30/2010,75.63,0.01544195953,0.02244153035,-0.03090297461,1.179180318,1.728618766,-1.0,0.03090297461,1.509439847,1.951968826,-1.0,0.03090297461,1.175471218,1.70749225,2,0.001124437781,0.0388179239,1.668674326,1,-0.03090297461,0,1.550204644,0,0.0003966679889,0.01492453414,1.53528011
7/2/1985,26.94,26.26,-0.02524127691,2,-0.03664345914,0,7/30/2010,78.95,0.005090054816,0.0438979241,0.02845596457,1.212735031,1.757074731,-1.0,-0.02845596457,1.46648728,1.923512861,-1.0,-0.02845596457,1.142022051,1.679036286,0,0.001113585746,0.0388179239,1.640218362,1,0.02845596457,0,1.578660609,0,0.0003799873338,0.01492453414,1.563736074
7/3/1985,26.91,26.3,-0.0226681531,3,-0.03664345914,0,8/31/2010,71.92,0.005040456294,-0.08904369854,-0.09413375336,1.098575731,1.662940978,1.0,-0.09413375336,1.328441328,1.829379108,1.0,-0.09413375336,1.034519229,1.584902532,2,0.001114827202,0.0410475783,1.543854954,1,-0.09413375336,0,1.484526855,0,0.0004171301446,0.01492453414,1.469602321
7/8/1985,26.99,26.33,-0.0244535013,4,-0.03664345914,0,9/30/2010,79.97,0.01446987635,0.1119299221,0.1068894658,1.216001904,1.769830443,-1.0,-0.1068894658,1.186444944,1.722489642,-1.0,-0.1068894658,0.9239400208,1.478013066,2,0.001111522786,0.04327062387,1.434742443,1,0.1068894658,0,1.591416321,0,0.0003751406778,0.01492453414,1.576491787
7/9/1985,27.45,26.84,-0.02222222222,5,-0.03664345914,0,10/29/2010,81.43,0.008102551699,0.01825684632,0.003786969969,1.220606867,1.773617413,1.0,0.003786969969,1.190937975,1.726276612,1.0,0.003786969969,0.9274389539,1.481800036,2,0.001092896175,0.04545641622,1.43634362,1,0.003786969969,0,1.595203291,0,0.0003684145892,0.01492453414,1.580278757
7/10/1985,27.55,26.88,-0.02431941924,6,-0.03664345914,0,11/30/2010,84.11,0.005419415646,0.0329117033,0.0248091516,1.250889088,1.798426565,1.0,0.0248091516,1.220484136,1.751085764,1.0,0.0248091516,0.9504479275,1.506609188,0,0.00108892922,0.04545641622,1.461152772,-1,-0.0248091516,0,1.570394139,2,0.0003566757817,0.0156378857,1.554756254
7/11/1985,27.37,26.67,-0.02557544757,7,-0.03664345914,0,12/31/2010,91.38,0.006343452651,0.0864344311,0.08101501546,1.352229886,1.87944158,1.0,0.08101501546,1.319361677,1.832100779,1.0,0.08101501546,1.027448481,1.587624204,0,0.00109609061,0.04545641622,1.542167787,-1,-0.08101501546,0,1.489379124,0,0.0003282994091,0.0156378857,1.473741238
7/12/1985,27.11,26.37,-0.02729620066,8,-0.03664345914,0,1/31/2011,92.19,0.01125191173,0.008864084045,0.002520631394,1.355638359,1.881962212,1.0,0.002520631394,1.322687302,1.83462141,1.0,0.002520631394,1.0300383,1.590144835,0,0.00110660273,0.04545641622,1.544688419,1,0.002520631394,0,1.491899755,2,0.000325414904,0.01628871551,1.47561104
7/15/1985,27.31,26.4,-0.03332112779,9,-0.03664345914,0,2/28/2011,96.97,0.04622096451,0.05184944137,0.04059752964,1.410673928,1.922559741,1.0,0.04059752964,1.376385139,1.87521894,1.0,0.04059752964,1.07185531,1.630742365,0,0.001098498718,0.04545641622,1.585285948,1,0.04059752964,0,1.532497285,0,0.0003093740332,0.01628871551,1.516208569
7/16/1985,27.37,26.47,-0.0328827183,10,-0.0328827183,0,3/31/2011,106.72,0.009882399447,0.1005465608,0.05432559628,1.48730963,1.976885338,1.0,0.05432559628,1.451158082,1.929544536,1.0,0.05432559628,1.130084489,1.685067961,0,0.00109609061,0.04545641622,1.639611545,1,0.05432559628,0,1.586822881,0,0.0002811094453,0.01628871551,1.570534166
7/17/1985,27.48,26.57,-0.03311499272,11,-0.0328827183,0,4/29/2011,113.93,0.005457404495,0.06755997001,0.05767757057,1.573094036,2.034562908,1.0,0.05767757057,1.534857355,1.987222107,1.0,0.05767757057,1.195265017,1.742745531,0,0.001091703057,0.04545641622,1.697289115,1,0.05767757057,0,1.644500452,0,0.0002633195822,0.01628871551,1.628211736
7/18/1985,27.49,26.7,-0.02873772281,12,-0.0328827183,0,5/31/2011,102.7,0.004716507777,-0.09856929694,-0.1040267014,1.409450253,1.930536207,1.0,-0.1040267014,1.375191207,1.883195405,1.0,-0.1040267014,1.07092554,1.63871883,0,0.001091305929,0.04545641622,1.593262414,1,-0.1040267014,0,1.54047375,0,0.0002921129503,0.01628871551,1.524185035
7/19/1985,27.4,26.68,-0.02627737226,13,-0.0328827183,0,6/30/2011,95.42,0.004931065714,-0.07088607595,-0.07560258373,1.302892172,1.854933623,1.0,-0.07560258373,1.271223199,1.807592822,1.0,-0.07560258373,0.9899608022,1.563116246,0,0.001094890511,0.04545641622,1.51765983,1,-0.07560258373,0,1.464871167,0,0.000314399497,0.01628871551,1.448582451
7/22/1985,27.7,26.91,-0.0285198556,14,-0.0328827183,0,7/29/2011,95.7,0.003702180173,0.002934395305,-0.001996670409,1.300290726,1.852936953,-1.0,0.001996670409,1.273761412,1.809589492,-1.0,0.001996670409,0.9919374277,1.565112917,2,0.001083032491,0.04762248121,1.517490435,1,-0.001996670409,0,1.462874496,0,0.0003134796238,0.01628871551,1.446585781
7/23/1985,27.16,26.47,-0.02540500736,15,-0.0328827183,0,8/31/2011,88.81,0.003630826892,-0.07199582027,-0.07569800044,1.201861318,1.777238952,-1.0,0.07569800044,1.370182604,1.885287493,-1.0,0.07569800044,1.067025108,1.640810917,0,0.001104565538,0.04762248121,1.593188436,1,-0.07569800044,0,1.387176496,0,0.0003377997973,0.01628871551,1.37088778
7/24/1985,27.34,26.7,-0.02340892465,16,-0.0328827183,0,9/30/2011,79.2,0.002125279642,-0.1082085351,-0.111839362,1.067445915,1.66539959,-1.0,0.111839362,1.523422953,1.997126855,-1.0,0.111839362,1.186360515,1.752650279,0,0.001097293343,0.04762248121,1.705027798,1,-0.111839362,0,1.275337134,0,0.0003787878788,0.01628871551,1.259048418
7/25/1985,27.31,26.76,-0.02013914317,17,-0.0328827183,0,10/31/2011,93.19,0.002304147465,0.1766414141,0.1745161345,1.25373245,1.839915725,-1.0,-0.1745161345,1.257561068,1.82261072,-1.0,-0.1745161345,0.9793214636,1.578134145,0,0.001098498718,0.04762248121,1.530511663,1,0.1745161345,0,1.449853268,0,0.0003219229531,0.01628871551,1.433564553
7/26/1985,27.3,26.71,-0.02161172161,18,-0.0328827183,0,11/30/2011,100.36,0.0008151620135,0.07693958579,0.07463543833,1.347305321,1.914551163,-1.0,-0.07463543833,1.163702446,1.747975282,-1.0,-0.07463543833,0.9062293769,1.503498706,0,0.001098901099,0.04762248121,1.455876225,-1,-0.07463543833,0,1.37521783,2,0.0002989238741,0.01688656326,1.358331267
7/29/1985,27.36,26.79,-0.02083333333,19,-0.0328827183,0,12/30/2011,98.83,0.002001053186,-0.01524511758,-0.01606027959,1.32566722,1.898490884,1.0,-0.01606027959,1.14501306,1.731915002,1.0,-0.01606027959,0.8916750797,1.487438427,2,0.001096491228,0.04981546366,1.437622963,-1,0.01606027959,0,1.39127811,0,0.0003035515532,0.01688656326,1.374391546
7/30/1985,27.34,26.82,-0.01901975128,20,-0.0328827183,0,1/31/2012,98.48,0.001588720087,-0.003541434787,-0.005542487973,1.318319726,1.892948396,1.0,-0.005542487973,1.138666838,1.726372514,1.0,-0.005542487973,0.8867329813,1.481895939,0,0.001097293343,0.04981546366,1.432080475,-1,0.005542487973,0,1.396820598,0,0.0003046303818,0.01688656326,1.379934034
7/31/1985,27.12,26.46,-0.02433628319,21,-0.0328827183,1,2/29/2012,107.07,0.003375024816,0.08722583266,0.08563711257,1.431216821,1.978585508,1.0,0.08563711257,1.236178979,1.812009627,1.0,0.08563711257,0.9626702335,1.567533051,0,0.00110619469,0.04981546366,1.517717588,-1,-0.08563711257,0,1.311183485,0,0.0002801905296,0.01688656326,1.294296922
8/1/1985,27.19,26.61,-0.02133137183,1,-0.0328827183,0,3/30/2012,103.02,0.004932182491,-0.03782572149,-0.04120074631,1.372249619,1.937384762,1.0,-0.04120074631,1.185247482,1.77080888,1.0,-0.04120074631,0.9230075014,1.526332305,0,0.001103346819,0.04981546366,1.476516841,-1,0.04120074631,0,1.352384231,0,0.0002912055911,0.01688656326,1.335497668
8/2/1985,27.31,26.74,-0.02087147565,2,-0.0328827183,0,4/30/2012,104.87,0.00427474983,0.01795767812,0.01302549563,1.390123851,1.950410257,1.0,0.01302549563,1.200685918,1.783834376,1.0,0.01302549563,0.9350301316,1.539357801,0,0.001098498718,0.04981546366,1.489542337,1,0.01302549563,0,1.365409727,2,0.0002860684657,0.01745870019,1.347951027
8/5/1985,27.33,26.78,-0.02012440542,3,-0.0328827183,0,5/31/2012,86.53,0.003692762186,-0.1748831887,-0.1791579385,1.141072127,1.771252319,1.0,-0.1791579385,0.9855735041,1.604676438,1.0,-0.1791579385,0.7675120607,1.360199862,0,0.001097694841,0.04981546366,1.310384398,1,-0.1791579385,0,1.186251788,0,0.0003467005663,0.01745870019,1.168793088
8/6/1985,27.26,26.69,-0.02090975789,4,-0.0328827183,0,6/29/2012,84.96,0.003694434513,-0.0181439963,-0.02183675849,1.116154811,1.74941556,-1.0,0.02183675849,1.007095235,1.626513196,-1.0,0.02183675849,0.7842720362,1.382036621,2,0.001100513573,0.05201649081,1.33002013,1,-0.02183675849,0,1.16441503,0,0.0003531073446,0.01745870019,1.14695633
8/7/1985,27.27,26.71,-0.02053538687,5,-0.0328827183,0,7/31/2012,88.06,0.004297184214,0.03648775895,0.03279332443,1.152757238,1.782208885,-1.0,-0.03279332443,0.9740692339,1.593719872,-1.0,-0.03279332443,0.7585531489,1.349243296,0,0.001100110011,0.05201649081,1.297226805,1,0.03279332443,0,1.197208354,0,0.0003406768113,0.01745870019,1.179749654
8/8/1985,27.31,26.71,-0.02196997437,6,-0.0328827183,0,8/31/2012,96.47,0.00331799208,0.09550306609,0.09120588188,1.257895478,1.873414767,-1.0,-0.09120588188,0.8852283905,1.50251399,-1.0,-0.09120588188,0.68936864,1.258037414,0,0.001098498718,0.05201649081,1.206020923,-1,-0.09120588188,0,1.106002472,2,0.000310977506,0.0180806552,1.087921817
8/9/1985,27.37,26.85,-0.01899890391,7,-0.0328827183,0,9/28/2012,92.19,0.003415441937,-0.04436612418,-0.04768411626,1.197913844,1.82573065,1.0,-0.04768411626,0.843017057,1.454829873,-1.0,0.04768411626,0.7222405744,1.30572153,0,0.00109609061,0.05201649081,1.25370504,-1,0.04768411626,0,1.153686589,0,0.000325414904,0.0180806552,1.135605934
8/12/1985,27.58,27.15,-0.01559100798,8,-0.0328827183,0,10/31/2012,86.24,0.004572175049,-0.06454062263,-0.06795606456,1.116508334,1.757774586,-1.0,0.06795606456,0.9003051785,1.522785938,-1.0,0.06795606456,0.7713212015,1.373677595,0,0.001087744743,0.05201649081,1.321661104,-1,0.06795606456,0,1.221642653,0,0.0003478664193,0.0180806552,1.203561998
8/13/1985,27.61,27.12,-0.01774719305,9,-0.0328827183,0,11/30/2012,88.91,0.004981464319,0.03096011132,0.02638793627,1.145970684,1.784162522,-1.0,-0.02638793627,0.8765479828,1.496398002,-1.0,-0.02638793627,0.7509676268,1.347289659,0,0.00108656284,0.05201649081,1.295273168,-1,-0.02638793627,0,1.195254717,0,0.0003374198628,0.0180806552,1.177174062
8/14/1985,27.73,27.24,-0.01767039308,10,-0.01767039308,0,12/31/2012,91.82,0.005995618586,0.03272972669,0.02774826237,1.177769379,1.811910785,-1.0,-0.02774826237,0.8522252994,1.468649739,-1.0,-0.02774826237,0.73012958,1.319541396,0,0.001081860801,0.05201649081,1.267524906,-1,-0.02774826237,0,1.167506455,0,0.0003267262034,0.0180806552,1.149425799
8/15/1985,28.06,27.57,-0.01746258019,11,-0.01767039308,0,1/31/2013,97.49,0.004716981132,0.06175125245,0.05575563386,1.243436658,1.867666418,1.0,0.05575563386,0.8997416612,1.524405373,1.0,0.05575563386,0.7708384176,1.37529703,2,0.001069137562,0.05415476593,1.321142264,-1,-0.05575563386,0,1.111750821,0,0.0003077238691,0.0180806552,1.093670166
8/16/1985,28.03,27.54,-0.01748127007,12,-0.01767039308,0,2/28/2013,92.05,0.006063097318,-0.05580059493,-0.06051757606,1.168186885,1.807148842,1.0,-0.06051757606,0.8452914768,1.463887797,1.0,-0.06051757606,0.724189145,1.314779454,0,0.001070281841,0.05415476593,1.260624688,1,-0.06051757606,0,1.051233245,2,0.0003259098316,0.01873247486,1.03250077
8/19/1985,27.99,27.51,-0.01714898178,13,-0.01767039308,0,3/28/2013,97.23,0.003762227239,0.05627376426,0.05021066694,1.226842328,1.857359509,-1.0,-0.05021066694,0.802848828,1.41367713,1.0,0.05021066694,0.760551165,1.364990121,0,0.001071811361,0.05415476593,1.310835355,1,0.05021066694,0,1.101443912,0,0.0003085467448,0.01873247486,1.082711437
8/20/1985,28.09,27.73,-0.01281594874,14,-0.01767039308,0,4/30/2013,93.46,0.00350531274,-0.03877404093,-0.04253626817,1.174657034,1.814823241,1.0,-0.04253626817,0.7686986349,1.371140862,1.0,-0.04253626817,0.7282001567,1.322453853,0,0.001067995728,0.05415476593,1.268299087,1,-0.04253626817,0,1.058907643,0,0.0003209929382,0.01873247486,1.040175169
8/21/1985,27.88,27.44,-0.01578192253,15,-0.01767039308,0,5/31/2013,91.97,0.002865937799,-0.01594264926,-0.019447962,1.151812348,1.795375279,1.0,-0.019447962,0.7537490131,1.3516929,1.0,-0.019447962,0.7140381477,1.303005891,0,0.001076040172,0.05415476593,1.248851125,-1,0.019447962,0,1.078355605,2,0.0003261933239,0.01938486151,1.058970744
8/22/1985,27.97,27.55,-0.01501608867,16,-0.01767039308,0,6/28/2013,96.56,0.002248339295,0.04990757856,0.04704164076,1.205995491,1.84241692,-1.0,-0.04704164076,0.7182914228,1.304651259,-1.0,-0.04704164076,0.6804486217,1.25596425,2,0.001072577762,0.05629992146,1.199664329,1,0.04704164076,0,1.125397246,2,0.0003106876553,0.02000623682,1.105391009
8/23/1985,27.95,27.55,-0.01431127013,17,-0.01767039308,0,7/31/2013,105.03,-0.003762227239,0.08771748136,0.08546914206,1.309070891,1.927886062,1.0,0.08546914206,0.7796831744,1.390120401,1.0,0.08546914206,0.7386059816,1.341433392,2,0.001073345259,0.05844661197,1.28298678,1,0.08546914206,0,1.210866388,0,0.0002856326764,0.02000623682,1.190860151
8/26/1985,28.1,27.73,-0.01316725979,18,-0.01767039308,0,8/30/2013,107.65,-0.002714085166,0.02494525374,0.02870748098,1.346651019,1.956593543,1.0,0.02870748098,0.8020659143,1.418827882,1.0,0.02870748098,0.7598094987,1.370140873,0,0.001067615658,0.05844661197,1.311694261,1,0.02870748098,0,1.239573869,0,0.0002786809104,0.02000623682,1.219567632
8/27/1985,28.08,27.72,-0.01282051282,19,-0.01767039308,0,9/30/2013,102.33,-0.003752697251,-0.04941941477,-0.0467053296,1.283755239,1.909888213,1.0,-0.0467053296,0.7646051614,1.372122553,1.0,-0.0467053296,0.7243223457,1.323435544,0,0.001068376068,0.05844661197,1.264988932,1,-0.0467053296,0,1.19286854,0,0.0002931691586,0.02000623682,1.172862303
8/28/1985,28.1,27.76,-0.01209964413,20,-0.01767039308,0,10/31/2013,96.38,0.0006835269993,-0.05814521646,-0.05439251921,1.213928557,1.855495694,1.0,-0.05439251921,0.7230163605,1.317730033,1.0,-0.05439251921,0.6849246286,1.269043024,0,0.001067615658,0.05844661197,1.210596412,1,-0.05439251921,0,1.13847602,0,0.0003112678979,0.02000623682,1.118469784
8/29/1985,27.94,27.57,-0.01324266285,21,-0.01767039308,0,11/29/2013,92.72,0.006932593857,-0.03797468354,-0.03865821054,1.167000252,1.816837484,-1.0,0.03865821054,0.7509668792,1.356388244,-1.0,0.03865821054,0.7114025891,1.307701235,2,0.00107372942,0.06059407081,1.247107164,1,-0.03865821054,0,1.09981781,0,0.0003235547886,0.02000623682,1.079811573
8/30/1985,28.08,27.72,-0.01282051282,22,-0.01767039308,1,12/31/2013,98.42,0.003416149068,0.06147540984,0.05454281598,1.230651732,1.8713803,-1.0,-0.05454281598,0.7100070309,1.301845428,-1.0,-0.05454281598,0.6726006886,1.253158419,0,0.001068376068,0.06059407081,1.192564348,1,0.05454281598,0,1.154360626,0,0.0003048160943,0.02000623682,1.134354389
9/3/1985,28.28,27.89,-0.01379066478,1,-0.01767039308,0,1/31/2014,97.49,0.001911436763,-0.009449298923,-0.01286544799,1.214818846,1.858514852,-1.0,0.01286544799,0.7191415894,1.314710876,1.0,-0.01286544799,0.6639473794,1.240292971,2,0.001060820368,0.06271571155,1.177577259,1,-0.01286544799,0,1.141495178,0,0.0003077238691,0.02000623682,1.121488941
9/4/1985,28.27,27.79,-0.01697912982,2,-0.01767039308,0,2/28/2014,102.59,-0.001694915254,0.05231305775,0.05040162099,1.276047685,1.908916473,-1.0,-0.05040162099,0.6828956876,1.264309255,-1.0,-0.05040162099,0.6304833552,1.18989135,2,0.001061195614,0.06483810278,1.125053247,1,0.05040162099,0,1.191896799,0,0.0002924261624,0.02000623682,1.171890562
9/5/1985,27.97,27.41,-0.02002145156,3,-0.01767039308,0,3/31/2014,101.58,-0.003337041157,-0.009845014134,-0.00815009888,1.26564777,1.900766374,1.0,-0.00815009888,0.6773300202,1.256159156,1.0,-0.00815009888,0.6253448535,1.181741251,2,0.001072577762,0.0669832583,1.114757993,-1,0.00815009888,0,1.200046898,2,0.0002953337271,0.02059690428,1.179449994
9/6/1985,27.75,27.25,-0.01801801802,4,-0.01767039308,0,4/30/2014,99.74,-0.008073041807,-0.01811380193,-0.01477676077,1.246945596,1.885989613,1.0,-0.01477676077,0.6673212766,1.241382395,1.0,-0.01477676077,0.6161042822,1.16696449,0,0.001081081081,0.0669832583,1.099981232,-1,0.01477676077,0,1.214823659,0,0.0003007820333,0.02059690428,1.194226754
9/9/1985,27.64,26.95,-0.02496382055,5,-0.01767039308,0,5/30/2014,102.71,-0.006154146723,0.0297774213,0.0378504631,1.294143064,1.923840076,1.0,0.0378504631,0.6925796959,1.279232859,-1.0,-0.0378504631,0.5927844498,1.129114027,2,0.001085383502,0.06915402531,1.059960002,-1,-0.0378504631,0,1.176973195,0,0.0002920845098,0.02059690428,1.156376291
9/10/1985,27.89,27.18,-0.0254571531,6,-0.01767039308,0,6/30/2014,105.37,-0.006921709849,0.02589815987,0.03205230659,1.335623334,1.955892383,1.0,0.03205230659,0.7147784727,1.311285165,1.0,0.03205230659,0.6117845587,1.161166334,2,0.001075654356,0.07130533402,1.089861,-1,-0.03205230659,0,1.144920889,0,0.0002847110183,0.02059690428,1.124323985
9/11/1985,27.88,27.15,-0.02618364419,7,-0.01767039308,0,7/31/2014,98.17,-0.004301720688,-0.0683306444,-0.06140893455,1.253604128,1.894483448,1.0,-0.06140893455,0.6708846882,1.249876231,1.0,-0.06140893455,0.5742155208,1.099757399,0,0.001076040172,0.07130533402,1.028452065,1,-0.06140893455,0,1.083511954,2,0.0003055923398,0.02120808896,1.062303865
9/12/1985,28.04,27.49,-0.01961483595,8,-0.01767039308,0,8/29/2014,95.96,-0.01569365976,-0.02251196903,-0.01821024835,1.230775686,1.8762732,-1.0,0.01821024835,0.683101665,1.268086479,-1.0,0.01821024835,0.5846721281,1.117967648,2,0.001069900143,0.0734451343,1.044522513,1,-0.01821024835,0,1.065301706,0,0.0003126302626,0.02120808896,1.044093617
9/13/1985,28.01,27.31,-0.02499107462,9,-0.01767039308,0,9/30/2014,91.16,-0.01000860956,-0.05002084202,-0.03432718226,1.188526625,1.841946017,-1.0,0.03432718226,0.7065506204,1.302413661,-1.0,0.03432718226,0.6047422748,1.15229483,0,0.001071046055,0.0734451343,1.078849696,1,-0.03432718226,0,1.030974524,0,0.0003290917069,0.02120808896,1.009766435
9/16/1985,27.92,27.27,-0.02328080229,10,-0.02328080229,0,10/31/2014,80.54,-0.007820136852,-0.1164984642,-0.1064898547,1.061960597,1.735456163,-1.0,0.1064898547,0.7817910933,1.408903516,-1.0,0.1064898547,0.6691411917,1.258784685,0,0.001074498567,0.0734451343,1.18533955,-1,0.1064898547,0,1.137464378,2,0.0003724857214,0.0219530604,1.115511318
9/17/1985,28.08,27.47,-0.02172364672,11,-0.02328080229,0,11/28/2014,66.15,0.0,-0.1786689844,-0.1708488475,0.8805258529,1.564607315,-1.0,0.1708488475,0.9153592005,1.579752363,-1.0,0.1708488475,0.7834631931,1.429633532,0,0.001068376068,0.0734451343,1.356188398,-1,0.1708488475,0,1.308313226,0,0.0004535147392,0.0219530604,1.286360165
9/18/1985,28.1,27.49,-0.02170818505,12,-0.02328080229,0,12/31/2014,53.27,0.004670472237,-0.1947089947,-0.1947089947,0.7090795493,1.369898321,-1.0,0.1947089947,1.09358787,1.774461358,-1.0,0.1947089947,0.9360105239,1.624342527,0,0.001067615658,0.0734451343,1.550897393,-1,0.1947089947,0,1.503022221,0,0.0005631687629,0.0219530604,1.48106916
9/19/1985,28.2,27.58,-0.0219858156,13,-0.02328080229,0,1/30/2015,48.24,0.01037837838,-0.09442462925,-0.09909510148,0.6388132394,1.270803219,-1.0,0.09909510148,1.201957071,1.87355646,-1.0,0.09909510148,1.028764582,1.723437628,0,0.001063829787,0.0734451343,1.649992494,-1,0.09909510148,0,1.602117322,0,0.0006218905473,0.0219530604,1.580164262
9/20/1985,28.72,27.96,-0.02646239554,14,-0.02328080229,0,2/27/2015,49.76,0.0168624479,0.03150912106,0.02113074268,0.6523118376,1.291933962,-1.0,-0.02113074268,1.176558826,1.852425717,-1.0,-0.02113074268,1.007026022,1.702306886,0,0.001044568245,0.0734451343,1.628861751,-1,-0.02113074268,0,1.580986579,0,0.0006028938907,0.0219530604,1.559033519
9/23/1985,28.05,27.48,-0.02032085561,15,-0.02328080229,0,3/31/2015,47.6,0.04950936664,-0.04340836013,-0.06027080803,0.612996476,1.231663154,-1.0,0.06027080803,1.247470977,1.912696525,-1.0,0.06027080803,1.067720294,1.762577694,0,0.001069518717,0.0734451343,1.689132559,-1,0.06027080803,0,1.641257387,0,0.0006302521008,0.0219530604,1.619304327
9/24/1985,28.23,27.7,-0.01877435352,16,-0.02328080229,0,4/30/2015,59.63,0.02305373293,0.2527310924,0.2032217258,0.7375706778,1.43488488,-1.0,-0.2032217258,0.993957772,1.709474799,-1.0,-0.2032217258,0.8507363333,1.559355968,0,0.001062699256,0.0734451343,1.485910834,-1,-0.2032217258,0,1.438035662,0,0.0005031024652,0.0219530604,1.416082601
9/25/1985,28.42,27.82,-0.02111189303,17,-0.02328080229,0,5/29/2015,60.3,0.01603206413,0.01123595506,-0.01181777788,0.7288542314,1.423067102,1.0,-0.01181777788,0.9822113998,1.697657021,-1.0,0.01181777788,0.8607901463,1.571173746,0,0.001055594652,0.0734451343,1.497728611,-1,0.01181777788,0,1.44985344,0,0.0004975124378,0.0219530604,1.427900379
9/26/1985,28.9,28.39,-0.01764705882,18,-0.02328080229,0,6/30/2015,59.47,0.007338225484,-0.01376451078,-0.02979657491,0.7071368717,1.393270527,1.0,-0.02979657491,0.9529448643,1.667860446,-1.0,0.02979657491,0.8864387444,1.600970321,0,0.001038062284,0.0734451343,1.527525186,-1,0.02979657491,0,1.479650014,0,0.0005044560282,0.0219530604,1.457696954
9/27/1985,28.93,28.44,-0.01693743519,19,-0.02328080229,0,7/31/2015,47.12,0.007391558063,-0.2076677316,-0.2150059571,0.5550982318,1.17826457,1.0,-0.2150059571,0.7480560416,1.452854489,1.0,-0.2150059571,0.6958491337,1.385964364,2,0.001036985828,0.07551910596,1.310445258,-1,0.2150059571,0,1.694655972,0,0.000636672326,0.0219530604,1.672702911
9/30/1985,29.08,28.63,-0.01547455296,20,-0.02328080229,1,8/31/2015,49.2,0.01435294118,0.0441426146,0.03675105654,0.5754986783,1.215015626,-1.0,-0.03675105654,0.7205641918,1.416103433,-1.0,-0.03675105654,0.6702759429,1.349213307,2,0.001031636864,0.07758237969,1.271630927,-1,-0.03675105654,0,1.657904915,0,0.0006097560976,0.0219530604,1.635951855
10/1/1985,29.03,28.57,-0.01584567689,1,-0.02328080229,0,9/30/2015,45.09,0.009194886746,-0.08353658537,-0.09788952654,0.5191633851,1.1171261,-1.0,0.09788952654,0.7910998793,1.513992959,-1.0,0.09788952654,0.7358889376,1.447102834,0,0.00103341371,0.07758237969,1.369520454,1,-0.09788952654,0,1.560015388,2,0.0006653359947,0.02328373239,1.536731656
10/2/1985,29.26,28.83,-0.01469583049,2,-0.02328080229,0,10/30/2015,46.59,0.01056489866,0.03326679973,0.02407191299,0.531660641,1.141198013,-1.0,-0.02407191299,0.7720565919,1.489921046,-1.0,-0.02407191299,0.7181746831,1.423030921,0,0.001025290499,0.07758237969,1.345448541,1,0.02407191299,0,1.584087301,0,0.0006439150032,0.02328373239,1.560803569
10/3/1985,29.31,28.77,-0.01842374616,3,-0.02328080229,0,11/30/2015,41.65,0.02515572592,-0.1060313372,-0.1165962359,0.4696710115,1.024601777,-1.0,0.1165962359,0.8620754844,1.606517282,-1.0,0.1165962359,0.8019111478,1.539627156,0,0.001023541453,0.07758237969,1.462044777,1,-0.1165962359,0,1.467491066,0,0.0007202881152,0.02328373239,1.444207333
10/4/1985,29.0,28.37,-0.02172413793,4,-0.02328080229,0,12/31/2015,37.04,0.03552740292,-0.1106842737,-0.1358399996,0.4058709014,0.8887617771,-1.0,0.1358399996,0.9791798178,1.742357282,-1.0,0.1358399996,0.9108427578,1.675467156,0,0.001034482759,0.07758237969,1.597884776,-1,0.1358399996,0,1.603331065,2,0.0008099352052,0.0249036028,1.578427462
10/7/1985,29.16,28.52,-0.0219478738,5,-0.02328080229,0,1/29/2016,33.62,0.03297076818,-0.09233261339,-0.1278600163,0.3539762414,0.7609017608,-1.0,0.1278600163,1.104377765,1.870217298,-1.0,0.1278600163,1.027303128,1.803327172,0,0.001028806584,0.07758237969,1.725744793,-1,0.1278600163,0,1.731191082,0,0.0008923259964,0.0249036028,1.706287479
10/8/1985,29.27,28.62,-0.02220703792,6,-0.02328080229,0,2/29/2016,33.75,0.08389945652,0.003866745985,-0.0291040222,0.343674109,0.7317977386,-1.0,0.0291040222,1.1365196,1.89932132,-1.0,0.0291040222,1.057201781,1.832431195,0,0.001024940212,0.07758237969,1.754848815,-1,0.0291040222,0,1.760295104,0,0.0008888888889,0.0249036028,1.735391501
10/9/1985,28.98,28.3,-0.02346445825,7,-0.02328080229,0,3/31/2016,38.34,0.04464766003,0.136,0.05210054348,0.3615797168,0.7838982821,-1.0,-0.05210054348,1.077306311,1.847220777,-1.0,-0.05210054348,1.002120993,1.780330651,0,0.001035196687,0.07758237969,1.702748271,-1,-0.05210054348,0,1.70819456,0,0.0007824726135,0.0249036028,1.683290957
10/10/1985,28.66,27.86,-0.02791346825,8,-0.02328080229,0,4/29/2016,45.92,0.02819277108,0.197704747,0.153057087,0.416922055,0.9369553691,-1.0,-0.153057087,0.9124169457,1.69416369,-1.0,-0.153057087,0.8487392734,1.627273564,0,0.001046755059,0.07758237969,1.549691184,-1,-0.153057087,0,1.555137473,0,0.0006533101045,0.0249036028,1.53023387
10/11/1985,28.73,28.01,-0.02506091194,9,-0.02328080229,0,5/31/2016,49.1,0.01493183294,0.06925087108,0.0410581,0.4340400824,0.9780134691,1.0,0.0410581,0.9498790519,1.73522179,1.0,0.0410581,0.8835868953,1.668331664,2,0.001044204664,0.07967078902,1.588660875,-1,-0.0410581,0,1.514079373,0,0.0006109979633,0.0249036028,1.48917577
10/14/1985,29.06,28.45,-0.02099105299,10,-0.02099105299,0,6/30/2016,48.33,0.01020620704,-0.01568228106,-0.030614114,0.4207523299,0.9473993551,1.0,-0.030614114,0.9207993463,1.704607676,1.0,-0.030614114,0.8565366654,1.63771755,0,0.001032346869,0.07967078902,1.558046761,-1,0.030614114,0,1.544693487,0,0.0006207324643,0.0249036028,1.519789884
10/15/1985,29.35,28.76,-0.02010221465,11,-0.02099105299,0,7/29/2016,41.6,0.01523394995,-0.1392509828,-0.1494571899,0.357867869,0.7979421652,1.0,-0.1494571899,0.7831792636,1.555150486,1.0,-0.1494571899,0.7285211024,1.48826036,0,0.001022146508,0.07967078902,1.408589571,-1,0.1494571899,0,1.694150677,0,0.0007211538462,0.0249036028,1.669247074
10/16/1985,29.36,28.71,-0.02213896458,12,-0.02099105299,0,8/31/2016,44.7,0.01550910317,0.07451923077,0.05928528082,0.3790841661,0.857227446,1.0,0.05928528082,0.8296102661,1.614435767,1.0,0.05928528082,0.7717116805,1.547545641,0,0.001021798365,0.07967078902,1.467874852,1,0.05928528082,0,1.753435958,2,0.0006711409396,0.02624588468,1.727190073
10/17/1985,29.55,28.83,-0.02436548223,13,-0.02099105299,0,9/30/2016,48.24,0.01389205192,0.07919463087,0.0636855277,0.4032263413,0.9209129737,1.0,0.0636855277,0.8824444337,1.678121294,1.0,0.0636855277,0.8208585461,1.611231169,0,0.001015228426,0.07967078902,1.53156038,1,0.0636855277,0,1.817121486,0,0.0006218905473,0.02624588468,1.790875601
10/18/1985,29.52,28.72,-0.027100271,14,-0.02099105299,0,10/31/2016,46.86,0.008610332399,-0.02860696517,-0.0424990171,0.3860896181,0.8784139566,1.0,-0.0424990171,0.8449414126,1.635622277,1.0,-0.0424990171,0.7859728647,1.568732152,0,0.001016260163,0.07967078902,1.489061363,1,-0.0424990171,0,1.774622469,0,0.0006402048656,0.02624588468,1.748376584
10/21/1985,29.97,29.05,-0.03069736403,15,-0.02099105299,0,11/30/2016,49.44,0.01266099105,0.05505761844,0.04644728604,0.404022433,0.9248612427,1.0,0.04644728604,0.8841866481,1.682069563,1.0,0.04644728604,0.8224791712,1.615179438,0,0.001001001001,0.07967078902,1.535508649,1,0.04644728604,0,1.821069755,0,0.0006067961165,0.02624588468,1.79482387
10/22/1985,30.28,28.78,-0.04953764861,16,-0.02099105299,0,12/30/2016,53.72,0.02057210031,0.08656957929,0.07390858824,0.4338831607,0.9987698309,1.0,0.07390858824,0.949535635,1.755978152,1.0,0.07390858824,0.8832674456,1.689088026,0,0.0009907529723,0.07967078902,1.609417237,1,0.07390858824,0,1.894978343,0,0.0005584512286,0.02624588468,1.868732458
10/23/1985,29.33,28.38,-0.03239004432,17,-0.02099105299,0,1/31/2017,52.81,0.01486280488,-0.01693968727,-0.03751178758,0.4176074277,0.9612580433,1.0,-0.03751178758,0.913916856,1.718466364,1.0,-0.03751178758,0.8501345048,1.651576238,0,0.001022843505,0.07967078902,1.571905449,1,-0.03751178758,0,1.857466555,0,0.0005680742284,0.02624588468,1.831220671
10/24/1985,29.59,28.66,-0.03142953701,18,-0.02099105299,0,2/28/2017,54.01,0.009586466165,0.02272296913,0.007860164257,0.4208898907,0.9691182076,1.0,0.007860164257,0.9211003926,1.726326528,1.0,0.007860164257,0.8568167016,1.659436403,0,0.001013856032,0.07967078902,1.579765614,-1,-0.007860164257,0,1.849606391,2,0.0005554526939,0.02735679007,1.822249601
10/25/1985,29.65,28.76,-0.03001686341,19,-0.02099105299,0,3/31/2017,50.6,0.01320201174,-0.06313645621,-0.07272292238,0.3902815478,0.8963952852,1.0,-0.07272292238,0.8541152802,1.653603606,1.0,-0.07272292238,0.7945064871,1.58671348,0,0.001011804384,0.07967078902,1.507042691,1,-0.07272292238,0,1.776883469,2,0.0005928853755,0.02854256082,1.748340908
10/28/1985,30.17,29.19,-0.03248259861,20,-0.02099105299,0,4/28/2017,49.33,0.00873694207,-0.02509881423,-0.03830082596,0.3753334422,0.8580944592,-1.0,0.03830082596,0.8868286009,1.691904432,1.0,-0.03830082596,0.7640762325,1.548412654,0,0.0009943652635,0.07967078902,1.468741865,1,-0.03830082596,0,1.738582643,0,0.0006081491993,0.02854256082,1.710040082
10/29/1985,30.22,29.36,-0.02845797485,21,-0.02099105299,0,5/31/2017,48.32,0.006897993311,-0.02047435638,-0.02921129845,0.364369465,0.8288831608,-1.0,0.02921129845,0.9127340159,1.72111573,-1.0,0.02921129845,0.7863958913,1.577623953,2,0.0009927200529,0.08165622912,1.495967724,1,-0.02921129845,0,1.709371344,0,0.0006208609272,0.02854256082,1.680828783
10/30/1985,30.12,29.2,-0.03054448871,22,-0.02099105299,0,6/30/2017,46.04,0.004471272077,-0.04718543046,-0.05408342377,0.3446631168,0.774799737,-1.0,0.05408342377,0.9620977964,1.775199154,-1.0,0.05408342377,0.8289268736,1.631707376,0,0.0009960159363,0.08165622912,1.550051147,1,-0.05408342377,0,1.65528792,0,0.000651607298,0.02854256082,1.62674536
10/31/1985,30.38,29.38,-0.03291639236,23,-0.02099105299,1,7/31/2017,50.17,0.004563233377,0.08970460469,0.08523333261,0.3740399029,0.8600330696,-1.0,-0.08523333261,0.880094995,1.689965821,-1.0,-0.08523333261,0.7582746736,1.546474044,0,0.0009874917709,0.08165622912,1.464817815,1,0.08523333261,0,1.740521253,0,0.0005979669125,0.02854256082,1.711978692
11/1/1985,30.39,29.4,-0.03257650543,1,-0.02099105299,0,8/31/2017,47.23,0.002941794495,-0.05860075742,-0.0631639908,0.3504140499,0.7968690788,-1.0,0.0631639908,0.9356853071,1.753129812,-1.0,0.0631639908,0.8061703281,1.609638035,0,0.0009871668312,0.08165622912,1.527981806,-1,0.0631639908,0,1.803685244,2,0.0006351894982,0.02981293981,1.773872304
11/4/1985,30.19,29.17,-0.03378602186,2,-0.02099105299,0,9/29/2017,51.67,0.01102425336,0.09400804573,0.09106625124,0.3823249438,0.8879353301,-1.0,-0.09106625124,0.8504759539,1.662063561,-1.0,-0.09106625124,0.7327554185,1.518571783,0,0.0009937065253,0.08165622912,1.436915554,-1,-0.09106625124,0,1.712618993,0,0.0005806077027,0.02981293981,1.682806053
11/5/1985,29.96,28.86,-0.03671562083,3,-0.02099105299,0,10/31/2017,54.38,0.005205320995,0.05244822915,0.04142397579,0.398162363,0.9293593059,1.0,0.04142397579,0.8857060492,1.703487537,1.0,0.04142397579,0.7631090612,1.559995759,2,0.001001335113,0.08365889935,1.47633686,-1,-0.04142397579,0,1.671195017,0,0.0005516734093,0.02981293981,1.641382077
11/6/1985,30.34,29.28,-0.0349373764,4,-0.02099105299,0,11/30/2017,57.4,0.003433941804,0.05553512321,0.05032980221,0.418201796,0.9796891081,1.0,0.05032980221,0.9302834595,1.753817339,1.0,0.05032980221,0.8015161893,1.610325561,0,0.0009887936717,0.08365889935,1.526666662,-1,-0.05032980221,0,1.620865215,0,0.0005226480836,0.02981293981,1.591052275
11/7/1985,30.39,29.42,-0.03191839421,5,-0.02099105299,0,12/29/2017,60.42,0.0007012622721,0.05261324042,0.04917929861,0.438768667,1.028868407,1.0,0.04917929861,0.9760341475,1.802996638,1.0,0.04917929861,0.8409341934,1.65950486,0,0.0009871668312,0.08365889935,1.575845961,1,0.04917929861,0,1.670044513,2,0.0004965243297,0.03080598847,1.639238525
11/8/1985,30.45,29.47,-0.03218390805,6,-0.02099105299,0,1/31/2018,64.73,-0.001088646967,0.07133399537,0.07063273309,0.4697600972,1.09950114,1.0,0.07063273309,1.044974107,1.873629371,1.0,0.07063273309,0.9003316738,1.730137593,0,0.0009852216749,0.08365889935,1.646478694,1,0.07063273309,0,1.740677246,0,0.0004634636181,0.03080598847,1.709871258
11/11/1985,30.69,29.75,-0.03062886934,7,-0.02099105299,0,2/28/2018,61.64,-0.001485148515,-0.04773675266,-0.0466481057,0.4478466785,1.052853034,1.0,-0.0466481057,0.9962280443,1.826981265,1.0,-0.0466481057,0.8583329067,1.683489487,0,0.0009775171065,0.08365889935,1.599830588,1,-0.0466481057,0,1.694029141,0,0.00048669695,0.03080598847,1.663223152
11/12/1985,30.82,29.84,-0.03179753407,8,-0.02099105299,0,3/30/2018,64.94,0.0009842519685,0.0535366645,0.05502181302,0.4724880147,1.107874847,1.0,0.05502181302,1.051042318,1.882003078,1.0,0.05502181302,0.9055599394,1.7385113,0,0.0009733939001,0.08365889935,1.654852401,1,0.05502181302,0,1.749050954,0,0.0004619648907,0.03080598847,1.718244965
11/13/1985,31.04,29.98,-0.03414948454,9,-0.02099105299,0,4/30/2018,68.57,-0.000890339813,0.05589775177,0.0549134998,0.4984339852,1.162788347,1.0,0.0549134998,1.10875873,1.936916578,1.0,0.0549134998,0.955287405,1.7934248,0,0.0009664948454,0.08365889935,1.709765901,1,0.0549134998,0,1.803964453,0,0.0004375091148,0.03080598847,1.773158465
11/14/1985,31.35,30.31,-0.0331738437,10,-0.0331738437,0,5/31/2018,67.04,0.0004227733935,-0.02231296485,-0.02142262504,0.4877562208,1.141365722,1.0,-0.02142262504,1.085006207,1.915493953,1.0,-0.02142262504,0.9348226411,1.772002175,0,0.000956937799,0.08365889935,1.688343276,1,-0.02142262504,0,1.782541828,0,0.0004474940334,0.03080598847,1.75173584
11/15/1985,30.97,29.85,-0.03616402971,11,-0.0331738437,0,6/29/2018,74.15,-0.002989983555,0.1060560859,0.1056333125,0.5392795262,1.246999034,1.0,0.1056333125,1.199619007,2.021127265,1.0,0.1056333125,1.033571053,1.877635488,0,0.0009686793671,0.08365889935,1.793976588,1,0.1056333125,0,1.888175141,0,0.0004045853001,0.03080598847,1.857369152
11/18/1985,30.93,29.87,-0.03427093437,12,-0.0331738437,0,7/31/2018,68.76,-0.014927475,-0.07269049225,-0.06970050869,0.5016914689,1.177298526,1.0,-0.06970050869,1.116004952,1.951426757,1.0,-0.06970050869,0.9615306251,1.807934979,0,0.0009699321048,0.08365889935,1.72427608,1,-0.06970050869,0,1.818474632,0,0.0004363001745,0.03080598847,1.787668644
11/19/1985,31.31,30.25,-0.0338549984,13,-0.0331738437,0,8/31/2018,69.8,-0.01059069212,0.01512507272,0.03005254772,0.5167685757,1.207351073,1.0,0.03005254772,1.149543744,1.981479304,1.0,0.03005254772,0.9904270701,1.837987527,0,0.0009581603322,0.08365889935,1.754328627,1,0.03005254772,0,1.84852718,0,0.0004297994269,0.03080598847,1.817721191
11/20/1985,31.72,30.61,-0.03499369483,14,-0.0331738437,0,9/28/2018,73.25,-0.003188867952,0.0494269341,0.06001762622,0.5477837989,1.2673687,1.0,0.06001762622,1.218536631,2.041496931,1.0,0.06001762622,1.049870152,1.898005153,0,0.0009457755359,0.08365889935,1.814346254,1,0.06001762622,0,1.908544806,0,0.000409556314,0.03080598847,1.877738818
11/21/1985,30.82,29.99,-0.02693056457,15,-0.0331738437,0,10/31/2018,65.31,-0.002242781049,-0.1083959044,-0.1052070365,0.4901530888,1.162161663,1.0,-0.1052070365,1.090338003,1.936289894,1.0,-0.1052070365,0.9394164244,1.792798117,0,0.0009733939001,0.08365889935,1.709139217,1,-0.1052070365,0,1.80333777,0,0.0004593477262,0.03080598847,1.772531781
11/22/1985,30.91,30.08,-0.02685215141,16,-0.0331738437,0,11/30/2018,50.93,0.003377777778,-0.2201806768,-0.2179378957,0.383330156,0.9442237674,-1.0,0.2179378957,1.327963973,2.15422779,-1.0,0.2179378957,1.144150863,2.010736012,2,0.0009705596894,0.08560001873,1.925135994,1,-0.2179378957,0,1.585399874,0,0.0005890437856,0.03080598847,1.554593886
11/25/1985,31.01,30.24,-0.02483069977,17,-0.0331738437,0,12/31/2018,45.41,0.0052734375,-0.1083840565,-0.1117618343,0.3404884746,0.8324619331,-1.0,0.1117618343,1.476379662,2.265989624,-1.0,0.1117618343,1.272023262,2.122497847,0,0.0009674298613,0.08560001873,2.036897828,1,-0.1117618343,0,1.47363804,0,0.0006606474345,0.03080598847,1.442832051
11/26/1985,30.74,29.93,-0.02635003253,18,-0.0331738437,0,1/31/2019,53.79,0.005373248897,0.18454085,0.1792674125,0.4015269625,1.011729346,-1.0,-0.1792674125,1.2117129,2.086722212,-1.0,-0.1792674125,1.043990943,1.943230434,0,0.0009759271308,0.08560001873,1.857630415,-1,-0.1792674125,0,1.294370627,2,0.0005577244841,0.03192143744,1.26244919
11/27/1985,29.75,28.94,-0.02722689076,19,-0.0331738437,1,2/28/2019,57.22,0.006984010292,0.06376649935,0.05839325045,0.424973427,1.070122596,-1.0,-0.05839325045,1.140957046,2.028328961,-1.0,-0.05839325045,0.9830289188,1.884837184,0,0.001008403361,0.08560001873,1.799237165,-1,-0.05839325045,0,1.235977377,0,0.0005242922055,0.03192143744,1.204055939
12/2/1985,29.75,29.14,-0.02050420168,1,-0.0331738437,0,3/29/2019,60.14,0.005118580447,0.051031108,0.04404709771,0.443692273,1.114169694,-1.0,-0.04404709771,1.090701199,1.984281863,-1.0,-0.04404709771,0.939729348,1.840790086,0,0.001008403361,0.08560001873,1.755190067,-1,-0.04404709771,0,1.191930279,0,0.0004988360492,0.03192143744,1.160008842
12/3/1985,29.06,28.49,-0.0196145905,2,-0.0331738437,0,4/30/2019,63.91,0.002034747222,0.06268706352,0.05756848307,0.4692349641,1.171738177,1.0,0.05756848307,1.153491213,2.041850347,-1.0,-0.05756848307,0.8856305549,1.783221603,0,0.001032346869,0.08560001873,1.697621584,-1,-0.05756848307,0,1.134361796,0,0.000469410108,0.03192143744,1.102440358
12/4/1985,28.64,27.94,-0.02444134078,3,-0.0331738437,0,5/31/2019,53.5,0.00291356426,-0.1628853075,-0.1649200547,0.3918487082,1.006818122,1.0,-0.1649200547,0.9632573787,1.876930292,1.0,-0.1649200547,0.7395723154,1.618301548,2,0.001047486034,0.08769499079,1.530606557,-1,0.1649200547,0,1.299281851,0,0.0005607476636,0.03192143744,1.267360413
12/5/1985,28.88,28.11,-0.02666204986,4,-0.0331738437,0,6/28/2019,58.47,0.004951437821,0.09289719626,0.089983632,0.4271086781,1.096801754,-1.0,-0.089983632,0.8765799812,1.78694666,-1.0,-0.089983632,0.6730229123,1.528317916,2,0.001038781163,0.08977255312,1.438545363,-1,-0.089983632,0,1.209298219,0,0.0005130836326,0.03192143744,1.177376781
12/6/1985,28.74,28.03,-0.02470424495,5,-0.0331738437,0,7/31/2019,58.58,0.001678415576,0.001881306653,-0.003070131168,0.4257973985,1.093731623,1.0,-0.003070131168,0.8738887657,1.783876529,1.0,-0.003070131168,0.6709566437,1.525247785,2,0.001043841336,0.09186023579,1.433387549,-1,0.003070131168,0,1.21236835,0,0.0005121201775,0.03192143744,1.180446912
12/9/1985,27.51,27.03,-0.01744820065,6,-0.0331738437,0,8/30/2019,55.1,0.0003621220351,-0.05940594059,-0.06108435617,0.3997878385,1.032647267,1.0,-0.06108435617,0.8205078331,1.722792173,1.0,-0.06108435617,0.6299716891,1.464163429,0,0.001090512541,0.09186023579,1.372303193,1,-0.06108435617,0,1.151283994,2,0.0005444646098,0.03301036666,1.118273627
12/10/1985,25.23,25.53,0.01189060642,7,-0.0331738437,0,9/30/2019,54.07,-0.003656597774,-0.01869328494,-0.01905540697,0.3921697186,1.01359186,-1.0,0.01905540697,0.8361429438,1.741847579,-1.0,0.01905540697,0.641976056,1.483218836,2,0.001189060642,0.09423835708,1.388980479,1,-0.01905540697,0,1.132228587,0,0.0005548363233,0.03301036666,1.09921822
12/11/1985,26.78,25.79,-0.03696788648,8,-0.0331738437,0,10/31/2019,54.18,0.001119611868,0.002034399852,0.005690997626,0.3944015555,1.019282858,-1.0,-0.005690997626,0.8313844563,1.736156582,-1.0,-0.005690997626,0.6383225718,1.477527838,0,0.001120238984,0.09423835708,1.383289481,1,0.005690997626,0,1.137919584,0,0.000553709856,0.03301036666,1.104909218
12/12/1985,27.25,26.21,-0.03816513761,9,-0.0331738437,0,11/29/2019,55.17,0.001905751906,0.01827242525,0.01715281338,0.4011666518,1.036435671,-1.0,-0.01715281338,0.8171238738,1.719003768,-1.0,-0.01715281338,0.6273735438,1.460375025,0,0.001100917431,0.09423835708,1.366136668,-1,-0.01715281338,0,1.120766771,2,0.0005437737901,0.03409791424,1.086668857
12/13/1985,27.37,26.11,-0.04603580563,10,-0.04603580563,0,12/31/2019,61.06,-0.001498252039,0.1067609208,0.1048551689,0.4432310488,1.14129084,-1.0,-0.1048551689,0.7314442121,1.6141486,-1.0,-0.1048551689,0.5615901849,1.355519856,0,0.00109609061,0.09423835708,1.261281499,-1,-0.1048551689,0,1.015911602,0,0.0004913200131,0.03409791424,0.9818136877
12/16/1985,27.27,26.01,-0.04620462046,11,-0.04603580563,0,1/31/2020,51.56,0.0005189413596,-0.1555846708,-0.1540864188,0.3749351638,0.987204421,1.0,-0.1540864188,0.6187385929,1.460062181,1.0,-0.1540864188,0.4750567645,1.201433437,2,0.001100110011,0.0964385771,1.10499486,-1,0.1540864188,0,1.169998021,0,0.0005818463926,0.03409791424,1.135900106
12/17/1985,26.42,25.09,-0.05034065102,12,-0.04603580563,0,2/28/2020,44.76,0.005187319885,-0.1318851823,-0.1324041237,0.325292202,0.8548002973,-1.0,0.1324041237,0.7006621341,1.592466304,-1.0,0.1324041237,0.5379562391,1.333837561,2,0.001135503407,0.09870958391,1.235127977,-1,0.1324041237,0,1.302402144,0,0.0006702412869,0.03409791424,1.26830423
12/18/1985,26.53,25.72,-0.0305314738,13,-0.04603580563,0,3/31/2020,20.48,0.0119760479,-0.5424486148,-0.5476359347,0.1471505029,0.3071643626,-1.0,0.5476359347,1.084369897,2.140102239,-1.0,0.5476359347,0.832560407,1.881473495,0,0.001130795326,0.09870958391,1.782763912,-1,0.5476359347,0,1.850038079,0,0.00146484375,0.03409791424,1.815940165
12/19/1985,26.07,25.18,-0.03413885692,14,-0.04603580563,0,4/30/2020,18.84,0.3105183694,-0.080078125,-0.0920541729,0.1336046851,0.2151101897,-1.0,0.0920541729,1.184190671,2.232156412,-1.0,0.0920541729,0.9092010666,1.973527668,0,0.001150747986,0.09870958391,1.874818084,-1,0.0920541729,0,1.942092252,0,0.001592356688,0.03409791424,1.907994338
12/20/1985,25.77,24.9,-0.03376018626,15,-0.04603580563,0,5/29/2020,35.49,0.01161103048,0.8837579618,0.5732395924,0.2101921803,0.7883497821,-1.0,-0.5732395924,0.5053656933,1.65891682,-1.0,-0.5732395924,0.3880110178,1.400288076,0,0.001164144354,0.09870958391,1.301578492,-1,-0.5732395924,0,1.36885266,0,0.0008453085376,0.03409791424,1.334754745
12/23/1985,25.57,24.68,-0.03480641377,16,-0.04603580563,0,6/30/2020,39.27,0.006894649752,0.1065088757,0.09489784526,0.2301389653,0.8832476273,-1.0,-0.09489784526,0.457407578,1.564018974,-1.0,-0.09489784526,0.3511896083,1.305390231,0,0.001173249902,0.09870958391,1.206680647,-1,-0.09489784526,0,1.273954814,0,0.0007639419404,0.03409791424,1.2398569
12/26/1985,26.22,25.32,-0.03432494279,17,-0.04603580563,0,7/31/2020,40.27,0.004854368932,0.02546473135,0.0185700816,0.2344126646,0.9018177089,1.0,0.0185700816,0.465901674,1.582589056,-1.0,-0.0185700816,0.3446679886,1.286820149,0,0.00114416476,0.09870958391,1.188110565,-1,-0.0185700816,0,1.255384733,0,0.0007449714428,0.03409791424,1.221286819
12/27/1985,26.89,25.89,-0.03718854593,18,-0.04603580563,0,8/31/2020,42.61,0.007141156867,0.05810777254,0.0532534036,0.2468959369,0.9550711125,1.0,0.0532534036,0.4907125239,1.63584246,-1.0,-0.0532534036,0.3263132451,1.233566746,0,0.001115656378,0.09870958391,1.134857162,-1,-0.0532534036,0,1.202131329,0,0.0007040600798,0.03409791424,1.168033415
12/30/1985,26.66,25.65,-0.03788447112,19,-0.04603580563,0,9/30/2020,40.22,0.007053291536,-0.05609011969,-0.06323127656,0.2312843916,0.891839836,1.0,-0.06323127656,0.4596841446,1.572611183,1.0,-0.06323127656,0.305680042,1.170335469,2,0.00112528132,0.1009601466,1.069375322,-1,0.06323127656,0,1.265362606,0,0.0007458975634,0.03409791424,1.231264692
12/31/1985,26.3,25.29,-0.03840304183,20,-0.04603580563,1,10/30/2020,35.79,0.00730994152,-0.1101442069,-0.1171974984,0.2041784395,0.7746423376,1.0,-0.1171974984,0.4058103128,1.455413685,1.0,-0.1171974984,0.2698551058,1.053137971,0,0.001140684411,0.1009601466,0.952177824,-1,0.1171974984,0,1.382560104,0,0.0008382229673,0.03409791424,1.34846219
1/2/1986,25.56,24.55,-0.03951486698,1,-0.04603580563,0,11/30/2020,45.34,0.006728133566,0.2668343113,0.2595243697,0.2571677203,1.034166707,-1.0,-0.2595243697,0.3004926471,1.195889315,1.0,0.2595243697,0.3398890821,1.31266234,0,0.00117370892,0.1009601466,1.211702194,1,0.2595243697,0,1.642084474,2,0.0006616674019,0.03542124904,1.606663225
1/3/1986,25.97,25.01,-0.03696572969,2,-0.04603580563,0,12/31/2020,48.52,0.003404979783,0.0701367446,0.06340861103,0.2734743683,1.097575318,1.0,0.06340861103,0.3195464685,1.259297926,1.0,0.06340861103,0.3614409767,1.376070951,0,0.001155179053,0.1009601466,1.275110805,1,0.06340861103,0,1.705493085,0,0.0006183017312,0.03542124904,1.670071836
1/6/1986,26.57,25.59,-0.03688370342,3,-0.04603580563,0,1/29/2021,52.2,0.001145912911,0.07584501237,0.07244003258,0.2932848604,1.170015351,1.0,0.07244003258,0.3426944251,1.331737959,1.0,0.07244003258,0.3876237728,1.448510984,0,0.001129092962,0.1009601466,1.347550837,1,0.07244003258,0,1.777933117,0,0.0005747126437,0.03542124904,1.742511868
1/7/1986,26.2,25.2,-0.03816793893,4,-0.04603580563,0,2/26/2021,61.5,-0.001513368085,0.1781609195,0.1770150066,0.3452006819,1.347030358,1.0,0.1770150066,0.403356481,1.508752965,1.0,0.1770150066,0.4562389975,1.625525991,0,0.001145038168,0.1009601466,1.524565844,1,0.1770150066,0,1.954948124,0,0.000487804878,0.03542124904,1.919526875
1/8/1986,25.93,24.83,-0.04242190513,5,-0.04603580563,0,3/31/2021,59.16,0.0004572473708,-0.03804878049,-0.0365354124,0.3325886327,1.310494945,1.0,-0.0365354124,0.3886196857,1.472217553,1.0,-0.0365354124,0.4395701176,1.588990578,0,0.001156961049,0.1009601466,1.488030432,1,-0.0365354124,0,1.918412712,0,0.0005070993915,0.03542124904,1.882991463
1/9/1986,25.9,24.65,-0.04826254826,6,-0.04603580563,0,4/30/2021,63.58,0.0007878978884,0.07471264368,0.07425539631,0.3572851334,1.384750341,1.0,0.07425539631,0.4174767944,1.546472949,1.0,0.07425539631,0.4722105709,1.663245974,0,0.001158301158,0.1009601466,1.562285828,1,0.07425539631,0,1.992668108,0,0.0004718464926,0.03542124904,1.957246859
1/10/1986,25.79,24.64,-0.04459092672,7,-0.04603580563,0,5/28/2021,66.32,-0.000152975371,0.04309531299,0.0423074151,0.3724009438,1.427057757,1.0,0.0423074151,0.4351391585,1.588780364,1.0,0.0423074151,0.4921885795,1.70555339,0,0.001163241566,0.1009601466,1.604593243,1,0.0423074151,0,2.034975523,0,0.0004523522316,0.03542124904,1.999554274
1/13/1986,25.08,23.72,-0.05422647528,8,-0.04603580563,0,6/30/2021,73.47,-0.003527088036,0.1078106152,0.1079635906,0.4126066868,1.535021347,1.0,0.1079635906,0.4821183444,1.696743955,1.0,0.1079635906,0.5453270258,1.81351698,0,0.001196172249,0.1009601466,1.712556834,1,0.1079635906,0,2.142939114,0,0.0004083299306,0.03542124904,2.107517865
1/14/1986,24.96,23.63,-0.05328525641,9,-0.04603580563,0,7/30/2021,73.95,-0.003768318214,0.006533278889,0.01006036693,0.4167576615,1.545081714,1.0,0.01006036693,0.4869686319,1.706804322,1.0,0.01006036693,0.5508132157,1.823577347,0,0.001201923077,0.1009601466,1.7226172,1,0.01006036693,0,2.152999481,0,0.0004056795132,0.03542124904,2.117578232
1/15/1986,25.15,23.86,-0.05129224652,10,-0.05129224652,0,8/31/2021,68.5,-0.003360607832,-0.0736984449,-0.06993012668,0.3876137455,1.475151587,1.0,-0.06993012668,0.4529148537,1.636874195,1.0,-0.06993012668,0.5122947778,1.75364722,0,0.001192842942,0.1009601466,1.652687074,1,-0.06993012668,0,2.083069354,0,0.0004379562044,0.03542124904,2.047648105
1/16/1986,24.11,22.86,-0.05184570718,11,-0.05129224652,0,9/30/2021,75.03,-0.003856218152,0.09532846715,0.09868907498,0.4258669874,1.573840662,1.0,0.09868907498,0.4976126017,1.73556327,1.0,0.09868907498,0.5628526755,1.852336295,0,0.001244296972,0.1009601466,1.751376149,1,0.09868907498,0,2.181758429,0,0.000399840064,0.03542124904,2.14633718
1/17/1986,23.55,22.6,-0.04033970276,12,-0.05129224652,0,10/29/2021,83.57,-0.006641249539,0.1138211382,0.1176773564,0.4759818887,1.691518019,1.0,0.1176773564,0.5561703372,1.853240626,1.0,0.1176773564,0.6290876904,1.970013652,0,0.00127388535,0.1009601466,1.869053505,1,0.1176773564,0,2.299435785,0,0.0003589804954,0.03542124904,2.264014536
1/20/1986,21.27,21.6,0.01551480959,13,-0.05129224652,0,11/30/2021,66.18,-0.01361554648,-0.2080890272,-0.2014477776,0.380096395,1.490070241,1.0,-0.2014477776,0.4441310588,1.651792849,1.0,-0.2014477776,0.5023593732,1.768565874,0,0.001410437236,0.1009601466,1.667605728,1,-0.2014477776,0,2.097988008,0,0.0004533091568,0.03542124904,2.062566759
1/21/1986,20.59,20.81,0.01068479845,14,-0.05129224652,0,12/31/2021,75.21,-0.002969037184,0.1364460562,0.1500616027,0.4371342692,1.640131844,-1.0,-0.1500616027,0.3774840403,1.501731246,-1.0,-0.1500616027,0.4269745206,1.618504271,2,0.00145701797,0.1038741825,1.514630089,1,0.1500616027,0,2.24804961,0,0.0003988831272,0.03542124904,2.212628361
1/22/1986,20.39,20.28,-0.005394801373,15,-0.05129224652,0,1/31/2022,88.15,-0.006203769983,0.1720515889,0.1750206261,0.5136417827,1.81515247,1.0,0.1750206261,0.4435515333,1.676751872,1.0,0.1750206261,0.5017038685,1.793524897,2,0.001471309465,0.1068168014,1.686708096,1,0.1750206261,0,2.423070236,0,0.0003403289847,0.03542124904,2.387648987
1/23/1986,19.82,19.88,0.003027245207,16,-0.05129224652,0,2/28/2022,95.72,-0.02053216007,0.08587634714,0.09208011712,0.5609379782,1.907232587,1.0,0.09208011712,0.4843938105,1.768831989,1.0,0.09208011712,0.5479008194,1.885605015,0,0.001513622603,0.1068168014,1.778788213,1,0.09208011712,0,2.515150354,0,0.0003134141245,0.03542124904,2.479729105
